run,action_num,tool_name,tool_args,telemetry_before,telemetry_after,execution_result,execution_ms,is_drone_command,approved,orchestrator,scenario,scene_label
1,0,arm,{},"{""alt_m"": 0.0, ""roll_deg"": 0.0, ""pitch_deg"": 0.0, ""yaw_deg"": 0.0, ""bat_pct"": 100.0, ""armed"": false, ""althold"": false, ""pos_x"": 0.0, ""pos_y"": 0.0}",,PENDING,0,1,1,gemini,clear_room,door_open
1,1,arm,{},"{""alt_m"": 0.0, ""roll_deg"": 0.0, ""pitch_deg"": 0.0, ""yaw_deg"": 0.0, ""bat_pct"": 100.0, ""armed"": false, ""althold"": false, ""pos_x"": 0.0, ""pos_y"": 0.0}","{""alt_m"": -1.218, ""roll_deg"": 0.12, ""pitch_deg"": -0.2, ""yaw_deg"": 360.0, ""bat_pct"": 100.0, ""armed"": true, ""althold"": false, ""pos_x"": 0.0, ""pos_y"": 0.0}","Armed. ch5=1000, motors spinning at idle.",24.3,1,1,gemini,clear_room,door_open
1,2,find_hover_throttle,{},"{""alt_m"": -1.218, ""roll_deg"": 0.12, ""pitch_deg"": -0.2, ""yaw_deg"": 360.0, ""bat_pct"": 100.0, ""armed"": true, ""althold"": false, ""pos_x"": 0.0, ""pos_y"": 0.0}",,PENDING,0,1,1,gemini,clear_room,door_open
1,3,find_hover_throttle,{},"{""alt_m"": -1.218, ""roll_deg"": 0.12, ""pitch_deg"": -0.2, ""yaw_deg"": 360.0, ""bat_pct"": 100.0, ""armed"": true, ""althold"": false, ""pos_x"": 0.0, ""pos_y"": 0.0}","{""alt_m"": 0.067, ""roll_deg"": -0.05, ""pitch_deg"": -0.0, ""yaw_deg"": 359.11, ""bat_pct"": 98.8, ""armed"": true, ""althold"": false, ""pos_x"": -1.165, ""pos_y"": 0.628}","Hover throttle found: PWM=1518, thr=0.518, z=0.069 m.",245.1,1,1,gemini,clear_room,door_open
1,4,enable_altitude_hold,{},"{""alt_m"": 0.067, ""roll_deg"": -0.05, ""pitch_deg"": -0.0, ""yaw_deg"": 359.11, ""bat_pct"": 98.8, ""armed"": true, ""althold"": false, ""pos_x"": -1.165, ""pos_y"": 0.628}",,PENDING,0,1,1,gemini,clear_room,door_open
1,5,enable_altitude_hold,{},"{""alt_m"": 0.067, ""roll_deg"": -0.05, ""pitch_deg"": -0.0, ""yaw_deg"": 359.11, ""bat_pct"": 98.8, ""armed"": true, ""althold"": false, ""pos_x"": -1.165, ""pos_y"": 0.628}","{""alt_m"": 0.067, ""roll_deg"": -0.05, ""pitch_deg"": -0.0, ""yaw_deg"": 359.11, ""bat_pct"": 98.8, ""armed"": true, ""althold"": true, ""pos_x"": -1.165, ""pos_y"": 0.628}","Altitude hold enabled at 0.069 m, hover_thr=0.518.",0.1,1,1,gemini,clear_room,door_open
1,6,set_altitude_target,"{""meters"": 1}","{""alt_m"": 0.067, ""roll_deg"": -0.05, ""pitch_deg"": -0.0, ""yaw_deg"": 359.11, ""bat_pct"": 98.8, ""armed"": true, ""althold"": true, ""pos_x"": -1.165, ""pos_y"": 0.628}",,PENDING,0,1,1,gemini,clear_room,door_open
1,7,set_altitude_target,"{""meters"": 1}","{""alt_m"": 0.067, ""roll_deg"": -0.05, ""pitch_deg"": -0.0, ""yaw_deg"": 359.11, ""bat_pct"": 98.8, ""armed"": true, ""althold"": true, ""pos_x"": -1.165, ""pos_y"": 0.628}","{""alt_m"": 0.067, ""roll_deg"": -0.05, ""pitch_deg"": -0.0, ""yaw_deg"": 359.11, ""bat_pct"": 98.8, ""armed"": true, ""althold"": true, ""pos_x"": -1.165, ""pos_y"": 0.628}",Altitude target set to 1.00 m.,0.0,1,1,gemini,clear_room,door_open
1,8,wait,"{""seconds"": 2}","{""alt_m"": 0.067, ""roll_deg"": -0.05, ""pitch_deg"": -0.0, ""yaw_deg"": 359.11, ""bat_pct"": 98.8, ""armed"": true, ""althold"": true, ""pos_x"": -1.165, ""pos_y"": 0.628}",,PENDING,0,1,1,gemini,clear_room,door_open
1,9,wait,"{""seconds"": 2}","{""alt_m"": 0.067, ""roll_deg"": -0.05, ""pitch_deg"": -0.0, ""yaw_deg"": 359.11, ""bat_pct"": 98.8, ""armed"": true, ""althold"": true, ""pos_x"": -1.165, ""pos_y"": 0.628}","{""alt_m"": 0.408, ""roll_deg"": 0.05, ""pitch_deg"": 0.01, ""yaw_deg"": 359.14, ""bat_pct"": 98.5, ""armed"": true, ""althold"": true, ""pos_x"": -1.113, ""pos_y"": 0.55}",Waited 2.0 s. Current EKF altitude: 0.408 m.,110.2,1,1,gemini,clear_room,door_open
1,10,wait,"{""seconds"": 2}","{""alt_m"": 0.408, ""roll_deg"": 0.05, ""pitch_deg"": 0.01, ""yaw_deg"": 359.14, ""bat_pct"": 98.5, ""armed"": true, ""althold"": true, ""pos_x"": -1.113, ""pos_y"": 0.55}",,PENDING,0,1,1,gemini,clear_room,door_open
1,11,wait,"{""seconds"": 2}","{""alt_m"": 0.408, ""roll_deg"": 0.05, ""pitch_deg"": 0.01, ""yaw_deg"": 359.14, ""bat_pct"": 98.5, ""armed"": true, ""althold"": true, ""pos_x"": -1.113, ""pos_y"": 0.55}","{""alt_m"": 0.779, ""roll_deg"": 0.09, ""pitch_deg"": 0.1, ""yaw_deg"": 359.01, ""bat_pct"": 98.1, ""armed"": true, ""althold"": true, ""pos_x"": -0.879, ""pos_y"": 0.497}",Waited 2.0 s. Current EKF altitude: 0.779 m.,87.6,1,1,gemini,clear_room,door_open
1,12,wait,"{""seconds"": 2}","{""alt_m"": 0.779, ""roll_deg"": 0.09, ""pitch_deg"": 0.1, ""yaw_deg"": 359.01, ""bat_pct"": 98.1, ""armed"": true, ""althold"": true, ""pos_x"": -0.879, ""pos_y"": 0.497}",,PENDING,0,1,1,gemini,clear_room,door_open
1,13,wait,"{""seconds"": 2}","{""alt_m"": 0.779, ""roll_deg"": 0.09, ""pitch_deg"": 0.1, ""yaw_deg"": 359.01, ""bat_pct"": 98.1, ""armed"": true, ""althold"": true, ""pos_x"": -0.879, ""pos_y"": 0.497}","{""alt_m"": 1.005, ""roll_deg"": -0.03, ""pitch_deg"": -0.13, ""yaw_deg"": 358.96, ""bat_pct"": 97.8, ""armed"": true, ""althold"": true, ""pos_x"": -0.864, ""pos_y"": 0.667}",Waited 2.0 s. Current EKF altitude: 1.005 m.,102.7,1,1,gemini,clear_room,door_open
1,14,navigate_to_waypoint,"{""z_m"": 1, ""x_m"": 0.5, ""y_m"": 0.5}","{""alt_m"": 1.005, ""roll_deg"": -0.03, ""pitch_deg"": -0.13, ""yaw_deg"": 358.96, ""bat_pct"": 97.8, ""armed"": true, ""althold"": true, ""pos_x"": -0.864, ""pos_y"": 0.667}",,PENDING,0,1,1,gemini,clear_room,door_open
1,15,navigate_to_waypoint,"{""z_m"": 1, ""x_m"": 0.5, ""y_m"": 0.5}","{""alt_m"": 1.005, ""roll_deg"": -0.03, ""pitch_deg"": -0.13, ""yaw_deg"": 358.96, ""bat_pct"": 97.8, ""armed"": true, ""althold"": true, ""pos_x"": -0.864, ""pos_y"": 0.667}","{""alt_m"": 0.997, ""roll_deg"": 0.66, ""pitch_deg"": 2.57, ""yaw_deg"": 359.54, ""bat_pct"": 96.4, ""armed"": true, ""althold"": true, ""pos_x"": 0.569, ""pos_y"": 0.481}","Navigated to (0.50,0.50,1.00). Arrived at (0.569,0.481,0.997). XY error=7.2cm.",352.4,1,1,gemini,clear_room,door_open
1,16,navigate_to_waypoint,"{""y_m"": -0.5, ""z_m"": 1, ""x_m"": 0.5}","{""alt_m"": 0.997, ""roll_deg"": 0.66, ""pitch_deg"": 2.57, ""yaw_deg"": 359.54, ""bat_pct"": 96.4, ""armed"": true, ""althold"": true, ""pos_x"": 0.569, ""pos_y"": 0.481}",,PENDING,0,1,1,gemini,clear_room,door_open
1,17,navigate_to_waypoint,"{""y_m"": -0.5, ""z_m"": 1, ""x_m"": 0.5}","{""alt_m"": 0.997, ""roll_deg"": 0.66, ""pitch_deg"": 2.57, ""yaw_deg"": 359.54, ""bat_pct"": 96.4, ""armed"": true, ""althold"": true, ""pos_x"": 0.569, ""pos_y"": 0.481}","{""alt_m"": 0.999, ""roll_deg"": -2.5, ""pitch_deg"": 0.97, ""yaw_deg"": 359.71, ""bat_pct"": 95.6, ""armed"": true, ""althold"": true, ""pos_x"": 0.449, ""pos_y"": -0.437}","Navigated to (0.50,-0.50,1.00). Arrived at (0.449,-0.437,0.999). XY error=8.1cm.",219.7,1,1,gemini,clear_room,door_open
1,18,navigate_to_waypoint,"{""y_m"": -0.5, ""z_m"": 1, ""x_m"": -0.5}","{""alt_m"": 0.999, ""roll_deg"": -2.5, ""pitch_deg"": 0.97, ""yaw_deg"": 359.71, ""bat_pct"": 95.6, ""armed"": true, ""althold"": true, ""pos_x"": 0.449, ""pos_y"": -0.437}",,PENDING,0,1,1,gemini,clear_room,door_open
1,19,navigate_to_waypoint,"{""y_m"": -0.5, ""z_m"": 1, ""x_m"": -0.5}","{""alt_m"": 0.999, ""roll_deg"": -2.5, ""pitch_deg"": 0.97, ""yaw_deg"": 359.71, ""bat_pct"": 95.6, ""armed"": true, ""althold"": true, ""pos_x"": 0.449, ""pos_y"": -0.437}","{""alt_m"": 1.003, ""roll_deg"": -1.05, ""pitch_deg"": 2.64, ""yaw_deg"": 359.82, ""bat_pct"": 94.8, ""armed"": true, ""althold"": true, ""pos_x"": -0.424, ""pos_y"": -0.555}","Navigated to (-0.50,-0.50,1.00). Arrived at (-0.424,-0.555,1.003). XY error=9.4cm.",216.2,1,1,gemini,clear_room,door_open
1,20,navigate_to_waypoint,"{""x_m"": -0.5, ""z_m"": 1, ""y_m"": 0.5}","{""alt_m"": 1.003, ""roll_deg"": -1.05, ""pitch_deg"": 2.64, ""yaw_deg"": 359.82, ""bat_pct"": 94.8, ""armed"": true, ""althold"": true, ""pos_x"": -0.424, ""pos_y"": -0.555}",,PENDING,0,1,1,gemini,clear_room,door_open
1,21,navigate_to_waypoint,"{""x_m"": -0.5, ""z_m"": 1, ""y_m"": 0.5}","{""alt_m"": 1.003, ""roll_deg"": -1.05, ""pitch_deg"": 2.64, ""yaw_deg"": 359.82, ""bat_pct"": 94.8, ""armed"": true, ""althold"": true, ""pos_x"": -0.424, ""pos_y"": -0.555}","{""alt_m"": 0.997, ""roll_deg"": 2.21, ""pitch_deg"": 0.78, ""yaw_deg"": 359.43, ""bat_pct"": 93.9, ""armed"": true, ""althold"": true, ""pos_x"": -0.556, ""pos_y"": 0.436}","Navigated to (-0.50,0.50,1.00). Arrived at (-0.556,0.436,0.997). XY error=8.5cm.",216.1,1,1,gemini,clear_room,door_open
1,22,land,{},"{""alt_m"": 0.997, ""roll_deg"": 2.21, ""pitch_deg"": 0.78, ""yaw_deg"": 359.43, ""bat_pct"": 93.9, ""armed"": true, ""althold"": true, ""pos_x"": -0.556, ""pos_y"": 0.436}",,PENDING,0,1,1,gemini,clear_room,door_open
1,23,land,{},"{""alt_m"": 0.997, ""roll_deg"": 2.21, ""pitch_deg"": 0.78, ""yaw_deg"": 359.43, ""bat_pct"": 93.9, ""armed"": true, ""althold"": true, ""pos_x"": -0.556, ""pos_y"": 0.436}","{""alt_m"": -2.575, ""roll_deg"": -0.86, ""pitch_deg"": 0.89, ""yaw_deg"": 359.54, ""bat_pct"": 93.7, ""armed"": false, ""althold"": false, ""pos_x"": -0.0, ""pos_y"": 0.0}","✓ Landed and disarmed. Final altitude=0.000m, vz=+0.000m/s, roll=-49.4°, pitch=51.0°. Motors disarmed — drone is on the ground.",96.8,1,1,gemini,clear_room,door_open
2,0,arm,{},"{""alt_m"": 0.0, ""roll_deg"": 0.0, ""pitch_deg"": 0.0, ""yaw_deg"": 0.0, ""bat_pct"": 100.0, ""armed"": false, ""althold"": false, ""pos_x"": 0.0, ""pos_y"": 0.0}",,PENDING,0,1,1,gemini,clear_room,door_open
2,1,arm,{},"{""alt_m"": 0.0, ""roll_deg"": 0.0, ""pitch_deg"": 0.0, ""yaw_deg"": 0.0, ""bat_pct"": 100.0, ""armed"": false, ""althold"": false, ""pos_x"": 0.0, ""pos_y"": 0.0}","{""alt_m"": -1.211, ""roll_deg"": -0.08, ""pitch_deg"": -0.24, ""yaw_deg"": 0.01, ""bat_pct"": 100.0, ""armed"": true, ""althold"": false, ""pos_x"": -0.0, ""pos_y"": -0.0}","Armed. ch5=1000, motors spinning at idle.",26.0,1,1,gemini,clear_room,door_open
2,2,find_hover_throttle,{},"{""alt_m"": -1.211, ""roll_deg"": -0.08, ""pitch_deg"": -0.24, ""yaw_deg"": 0.01, ""bat_pct"": 100.0, ""armed"": true, ""althold"": false, ""pos_x"": -0.0, ""pos_y"": -0.0}",,PENDING,0,1,1,gemini,clear_room,door_open
2,3,find_hover_throttle,{},"{""alt_m"": -1.211, ""roll_deg"": -0.08, ""pitch_deg"": -0.24, ""yaw_deg"": 0.01, ""bat_pct"": 100.0, ""armed"": true, ""althold"": false, ""pos_x"": -0.0, ""pos_y"": -0.0}","{""alt_m"": 0.071, ""roll_deg"": -0.07, ""pitch_deg"": -0.01, ""yaw_deg"": 0.59, ""bat_pct"": 98.8, ""armed"": true, ""althold"": false, ""pos_x"": 0.141, ""pos_y"": -1.681}","Hover throttle found: PWM=1518, thr=0.518, z=0.069 m.",259.1,1,1,gemini,clear_room,door_open
2,4,enable_altitude_hold,{},"{""alt_m"": 0.071, ""roll_deg"": -0.07, ""pitch_deg"": -0.01, ""yaw_deg"": 0.59, ""bat_pct"": 98.8, ""armed"": true, ""althold"": false, ""pos_x"": 0.141, ""pos_y"": -1.681}",,PENDING,0,1,1,gemini,clear_room,door_open
2,5,enable_altitude_hold,{},"{""alt_m"": 0.071, ""roll_deg"": -0.07, ""pitch_deg"": -0.01, ""yaw_deg"": 0.59, ""bat_pct"": 98.8, ""armed"": true, ""althold"": false, ""pos_x"": 0.141, ""pos_y"": -1.681}","{""alt_m"": 0.071, ""roll_deg"": -0.07, ""pitch_deg"": -0.01, ""yaw_deg"": 0.59, ""bat_pct"": 98.8, ""armed"": true, ""althold"": true, ""pos_x"": 0.141, ""pos_y"": -1.681}","Altitude hold enabled at 0.069 m, hover_thr=0.518.",0.0,1,1,gemini,clear_room,door_open
2,6,set_altitude_target,"{""meters"": 1}","{""alt_m"": 0.071, ""roll_deg"": -0.07, ""pitch_deg"": -0.01, ""yaw_deg"": 0.59, ""bat_pct"": 98.8, ""armed"": true, ""althold"": true, ""pos_x"": 0.141, ""pos_y"": -1.681}",,PENDING,0,1,1,gemini,clear_room,door_open
2,7,set_altitude_target,"{""meters"": 1}","{""alt_m"": 0.071, ""roll_deg"": -0.07, ""pitch_deg"": -0.01, ""yaw_deg"": 0.59, ""bat_pct"": 98.8, ""armed"": true, ""althold"": true, ""pos_x"": 0.141, ""pos_y"": -1.681}","{""alt_m"": 0.071, ""roll_deg"": -0.07, ""pitch_deg"": -0.01, ""yaw_deg"": 0.59, ""bat_pct"": 98.8, ""armed"": true, ""althold"": true, ""pos_x"": 0.141, ""pos_y"": -1.681}",Altitude target set to 1.00 m.,0.0,1,1,gemini,clear_room,door_open
2,8,wait,"{""seconds"": 4}","{""alt_m"": 0.071, ""roll_deg"": -0.07, ""pitch_deg"": -0.01, ""yaw_deg"": 0.59, ""bat_pct"": 98.8, ""armed"": true, ""althold"": true, ""pos_x"": 0.141, ""pos_y"": -1.681}",,PENDING,0,1,1,gemini,clear_room,door_open
2,9,wait,"{""seconds"": 4}","{""alt_m"": 0.071, ""roll_deg"": -0.07, ""pitch_deg"": -0.01, ""yaw_deg"": 0.59, ""bat_pct"": 98.8, ""armed"": true, ""althold"": true, ""pos_x"": 0.141, ""pos_y"": -1.681}","{""alt_m"": 0.789, ""roll_deg"": -0.03, ""pitch_deg"": 0.08, ""yaw_deg"": 0.69, ""bat_pct"": 98.1, ""armed"": true, ""althold"": true, ""pos_x"": 0.149, ""pos_y"": -1.527}",Waited 4.0 s. Current EKF altitude: 0.789 m.,185.7,1,1,gemini,clear_room,door_open
2,10,wait,"{""seconds"": 2}","{""alt_m"": 0.789, ""roll_deg"": -0.03, ""pitch_deg"": 0.08, ""yaw_deg"": 0.69, ""bat_pct"": 98.1, ""armed"": true, ""althold"": true, ""pos_x"": 0.149, ""pos_y"": -1.527}",,PENDING,0,1,1,gemini,clear_room,door_open
2,11,wait,"{""seconds"": 2}","{""alt_m"": 0.789, ""roll_deg"": -0.03, ""pitch_deg"": 0.08, ""yaw_deg"": 0.69, ""bat_pct"": 98.1, ""armed"": true, ""althold"": true, ""pos_x"": 0.149, ""pos_y"": -1.527}","{""alt_m"": 1.008, ""roll_deg"": 0.03, ""pitch_deg"": 0.02, ""yaw_deg"": 0.72, ""bat_pct"": 97.8, ""armed"": true, ""althold"": true, ""pos_x"": 0.037, ""pos_y"": -1.61}",Waited 2.0 s. Current EKF altitude: 1.008 m.,79.9,1,1,gemini,clear_room,door_open
2,12,navigate_to_waypoint,"{""y_m"": 0.5, ""z_m"": 1, ""x_m"": 0.5}","{""alt_m"": 1.008, ""roll_deg"": 0.03, ""pitch_deg"": 0.02, ""yaw_deg"": 0.72, ""bat_pct"": 97.8, ""armed"": true, ""althold"": true, ""pos_x"": 0.037, ""pos_y"": -1.61}",,PENDING,0,1,1,gemini,clear_room,door_open
2,13,navigate_to_waypoint,"{""y_m"": 0.5, ""z_m"": 1, ""x_m"": 0.5}","{""alt_m"": 1.008, ""roll_deg"": 0.03, ""pitch_deg"": 0.02, ""yaw_deg"": 0.72, ""bat_pct"": 97.8, ""armed"": true, ""althold"": true, ""pos_x"": 0.037, ""pos_y"": -1.61}","{""alt_m"": 1.0, ""roll_deg"": -2.08, ""pitch_deg"": -0.07, ""yaw_deg"": 1.51, ""bat_pct"": 96.3, ""armed"": true, ""althold"": true, ""pos_x"": 0.546, ""pos_y"": 0.575}","Navigated to (0.50,0.50,1.00). Arrived at (0.546,0.575,1.000). XY error=8.8cm.",363.3,1,1,gemini,clear_room,door_open
2,14,navigate_to_waypoint,"{""z_m"": 1, ""y_m"": -0.5, ""x_m"": 0.5}","{""alt_m"": 1.0, ""roll_deg"": -2.08, ""pitch_deg"": -0.07, ""yaw_deg"": 1.51, ""bat_pct"": 96.3, ""armed"": true, ""althold"": true, ""pos_x"": 0.546, ""pos_y"": 0.575}",,PENDING,0,1,1,gemini,clear_room,door_open
2,15,navigate_to_waypoint,"{""z_m"": 1, ""y_m"": -0.5, ""x_m"": 0.5}","{""alt_m"": 1.0, ""roll_deg"": -2.08, ""pitch_deg"": -0.07, ""yaw_deg"": 1.51, ""bat_pct"": 96.3, ""armed"": true, ""althold"": true, ""pos_x"": 0.546, ""pos_y"": 0.575}","{""alt_m"": 1.003, ""roll_deg"": -3.29, ""pitch_deg"": -0.24, ""yaw_deg"": 1.35, ""bat_pct"": 95.5, ""armed"": true, ""althold"": true, ""pos_x"": 0.543, ""pos_y"": -0.446}","Navigated to (0.50,-0.50,1.00). Arrived at (0.543,-0.446,1.003). XY error=6.9cm.",220.9,1,1,gemini,clear_room,door_open
2,16,navigate_to_waypoint,"{""y_m"": -0.5, ""x_m"": -0.5, ""z_m"": 1}","{""alt_m"": 1.003, ""roll_deg"": -3.29, ""pitch_deg"": -0.24, ""yaw_deg"": 1.35, ""bat_pct"": 95.5, ""armed"": true, ""althold"": true, ""pos_x"": 0.543, ""pos_y"": -0.446}",,PENDING,0,1,1,gemini,clear_room,door_open
2,17,navigate_to_waypoint,"{""y_m"": -0.5, ""x_m"": -0.5, ""z_m"": 1}","{""alt_m"": 1.003, ""roll_deg"": -3.29, ""pitch_deg"": -0.24, ""yaw_deg"": 1.35, ""bat_pct"": 95.5, ""armed"": true, ""althold"": true, ""pos_x"": 0.543, ""pos_y"": -0.446}","{""alt_m"": 1.001, ""roll_deg"": 0.39, ""pitch_deg"": -2.25, ""yaw_deg"": 1.12, ""bat_pct"": 94.2, ""armed"": true, ""althold"": true, ""pos_x"": -0.565, ""pos_y"": -0.454}","Navigated to (-0.50,-0.50,1.00). Arrived at (-0.565,-0.454,1.001). XY error=8.0cm.",326.4,1,1,gemini,clear_room,door_open
2,18,navigate_to_waypoint,"{""y_m"": 0.5, ""x_m"": -0.5, ""z_m"": 1}","{""alt_m"": 1.001, ""roll_deg"": 0.39, ""pitch_deg"": -2.25, ""yaw_deg"": 1.12, ""bat_pct"": 94.2, ""armed"": true, ""althold"": true, ""pos_x"": -0.565, ""pos_y"": -0.454}",,PENDING,0,1,1,gemini,clear_room,door_open
2,19,navigate_to_waypoint,"{""y_m"": 0.5, ""x_m"": -0.5, ""z_m"": 1}","{""alt_m"": 1.001, ""roll_deg"": 0.39, ""pitch_deg"": -2.25, ""yaw_deg"": 1.12, ""bat_pct"": 94.2, ""armed"": true, ""althold"": true, ""pos_x"": -0.565, ""pos_y"": -0.454}","{""alt_m"": 1.003, ""roll_deg"": 2.57, ""pitch_deg"": -0.75, ""yaw_deg"": 1.38, ""bat_pct"": 93.4, ""armed"": true, ""althold"": true, ""pos_x"": -0.453, ""pos_y"": 0.463}","Navigated to (-0.50,0.50,1.00). Arrived at (-0.453,0.463,1.003). XY error=6.0cm.",212.3,1,1,gemini,clear_room,door_open
2,20,land,{},"{""alt_m"": 1.003, ""roll_deg"": 2.57, ""pitch_deg"": -0.75, ""yaw_deg"": 1.38, ""bat_pct"": 93.4, ""armed"": true, ""althold"": true, ""pos_x"": -0.453, ""pos_y"": 0.463}",,PENDING,0,1,1,gemini,clear_room,door_open
2,21,land,{},"{""alt_m"": 1.003, ""roll_deg"": 2.57, ""pitch_deg"": -0.75, ""yaw_deg"": 1.38, ""bat_pct"": 93.4, ""armed"": true, ""althold"": true, ""pos_x"": -0.453, ""pos_y"": 0.463}","{""alt_m"": -2.614, ""roll_deg"": -0.94, ""pitch_deg"": -1.03, ""yaw_deg"": 1.5, ""bat_pct"": 93.2, ""armed"": false, ""althold"": false, ""pos_x"": 0.0, ""pos_y"": 0.0}","✓ Landed and disarmed. Final altitude=0.000m, vz=+0.000m/s, roll=-54.1°, pitch=-59.0°. Motors disarmed — drone is on the ground.",90.0,1,1,gemini,clear_room,door_open
3,0,arm,{},"{""alt_m"": 0.0, ""roll_deg"": 0.0, ""pitch_deg"": 0.0, ""yaw_deg"": 0.0, ""bat_pct"": 100.0, ""armed"": false, ""althold"": false, ""pos_x"": 0.0, ""pos_y"": 0.0}",,PENDING,0,1,1,gemini,clear_room,door_open
3,1,arm,{},"{""alt_m"": 0.0, ""roll_deg"": 0.0, ""pitch_deg"": 0.0, ""yaw_deg"": 0.0, ""bat_pct"": 100.0, ""armed"": false, ""althold"": false, ""pos_x"": 0.0, ""pos_y"": 0.0}","{""alt_m"": -1.231, ""roll_deg"": -0.01, ""pitch_deg"": 0.02, ""yaw_deg"": 359.98, ""bat_pct"": 100.0, ""armed"": true, ""althold"": false, ""pos_x"": -0.0, ""pos_y"": -0.0}","Armed. ch5=1000, motors spinning at idle.",26.6,1,1,gemini,clear_room,door_open
3,2,find_hover_throttle,{},"{""alt_m"": -1.231, ""roll_deg"": -0.01, ""pitch_deg"": 0.02, ""yaw_deg"": 359.98, ""bat_pct"": 100.0, ""armed"": true, ""althold"": false, ""pos_x"": -0.0, ""pos_y"": -0.0}",,PENDING,0,1,1,gemini,clear_room,door_open
3,3,find_hover_throttle,{},"{""alt_m"": -1.231, ""roll_deg"": -0.01, ""pitch_deg"": 0.02, ""yaw_deg"": 359.98, ""bat_pct"": 100.0, ""armed"": true, ""althold"": false, ""pos_x"": -0.0, ""pos_y"": -0.0}","{""alt_m"": 0.061, ""roll_deg"": -0.03, ""pitch_deg"": 0.01, ""yaw_deg"": 0.0, ""bat_pct"": 98.8, ""armed"": true, ""althold"": false, ""pos_x"": 0.856, ""pos_y"": -0.667}","Hover throttle found: PWM=1518, thr=0.518, z=0.069 m.",259.8,1,1,gemini,clear_room,door_open
3,4,enable_altitude_hold,{},"{""alt_m"": 0.061, ""roll_deg"": -0.03, ""pitch_deg"": 0.01, ""yaw_deg"": 0.0, ""bat_pct"": 98.8, ""armed"": true, ""althold"": false, ""pos_x"": 0.856, ""pos_y"": -0.667}",,PENDING,0,1,1,gemini,clear_room,door_open
3,5,enable_altitude_hold,{},"{""alt_m"": 0.061, ""roll_deg"": -0.03, ""pitch_deg"": 0.01, ""yaw_deg"": 0.0, ""bat_pct"": 98.8, ""armed"": true, ""althold"": false, ""pos_x"": 0.856, ""pos_y"": -0.667}","{""alt_m"": 0.061, ""roll_deg"": -0.03, ""pitch_deg"": 0.01, ""yaw_deg"": 0.0, ""bat_pct"": 98.8, ""armed"": true, ""althold"": true, ""pos_x"": 0.856, ""pos_y"": -0.667}","Altitude hold enabled at 0.069 m, hover_thr=0.518.",0.0,1,1,gemini,clear_room,door_open
3,6,set_altitude_target,"{""meters"": 1}","{""alt_m"": 0.061, ""roll_deg"": -0.03, ""pitch_deg"": 0.01, ""yaw_deg"": 0.0, ""bat_pct"": 98.8, ""armed"": true, ""althold"": true, ""pos_x"": 0.856, ""pos_y"": -0.667}",,PENDING,0,1,1,gemini,clear_room,door_open
3,7,set_altitude_target,"{""meters"": 1}","{""alt_m"": 0.061, ""roll_deg"": -0.03, ""pitch_deg"": 0.01, ""yaw_deg"": 0.0, ""bat_pct"": 98.8, ""armed"": true, ""althold"": true, ""pos_x"": 0.856, ""pos_y"": -0.667}","{""alt_m"": 0.061, ""roll_deg"": -0.03, ""pitch_deg"": 0.01, ""yaw_deg"": 0.0, ""bat_pct"": 98.8, ""armed"": true, ""althold"": true, ""pos_x"": 0.856, ""pos_y"": -0.667}",Altitude target set to 1.00 m.,0.0,1,1,gemini,clear_room,door_open
3,8,wait,"{""seconds"": 4}","{""alt_m"": 0.061, ""roll_deg"": -0.03, ""pitch_deg"": 0.01, ""yaw_deg"": 0.0, ""bat_pct"": 98.8, ""armed"": true, ""althold"": true, ""pos_x"": 0.856, ""pos_y"": -0.667}",,PENDING,0,1,1,gemini,clear_room,door_open
3,9,wait,"{""seconds"": 4}","{""alt_m"": 0.061, ""roll_deg"": -0.03, ""pitch_deg"": 0.01, ""yaw_deg"": 0.0, ""bat_pct"": 98.8, ""armed"": true, ""althold"": true, ""pos_x"": 0.856, ""pos_y"": -0.667}","{""alt_m"": 0.781, ""roll_deg"": -0.02, ""pitch_deg"": -0.02, ""yaw_deg"": 0.07, ""bat_pct"": 98.1, ""armed"": true, ""althold"": true, ""pos_x"": 0.634, ""pos_y"": -0.304}",Waited 4.0 s. Current EKF altitude: 0.781 m.,181.3,1,1,gemini,clear_room,door_open
3,10,wait,"{""seconds"": 2}","{""alt_m"": 0.781, ""roll_deg"": -0.02, ""pitch_deg"": -0.02, ""yaw_deg"": 0.07, ""bat_pct"": 98.1, ""armed"": true, ""althold"": true, ""pos_x"": 0.634, ""pos_y"": -0.304}",,PENDING,0,1,1,gemini,clear_room,door_open
3,11,wait,"{""seconds"": 2}","{""alt_m"": 0.781, ""roll_deg"": -0.02, ""pitch_deg"": -0.02, ""yaw_deg"": 0.07, ""bat_pct"": 98.1, ""armed"": true, ""althold"": true, ""pos_x"": 0.634, ""pos_y"": -0.304}","{""alt_m"": 1.007, ""roll_deg"": 0.06, ""pitch_deg"": 0.05, ""yaw_deg"": 0.06, ""bat_pct"": 97.8, ""armed"": true, ""althold"": true, ""pos_x"": 0.546, ""pos_y"": -0.354}",Waited 2.0 s. Current EKF altitude: 1.007 m.,103.7,1,1,gemini,clear_room,door_open
4,0,arm,{},"{""alt_m"": 0.0, ""roll_deg"": 0.0, ""pitch_deg"": 0.0, ""yaw_deg"": 0.0, ""bat_pct"": 100.0, ""armed"": false, ""althold"": false, ""pos_x"": 0.0, ""pos_y"": 0.0}",,PENDING,0,1,1,gemini,clear_room,door_open
4,1,arm,{},"{""alt_m"": 0.0, ""roll_deg"": 0.0, ""pitch_deg"": 0.0, ""yaw_deg"": 0.0, ""bat_pct"": 100.0, ""armed"": false, ""althold"": false, ""pos_x"": 0.0, ""pos_y"": 0.0}","{""alt_m"": -1.236, ""roll_deg"": -0.13, ""pitch_deg"": 0.08, ""yaw_deg"": 359.99, ""bat_pct"": 100.0, ""armed"": true, ""althold"": false, ""pos_x"": -0.0, ""pos_y"": 0.0}","Armed. ch5=1000, motors spinning at idle.",24.7,1,1,gemini,clear_room,door_open
4,2,find_hover_throttle,{},"{""alt_m"": -1.236, ""roll_deg"": -0.13, ""pitch_deg"": 0.08, ""yaw_deg"": 359.99, ""bat_pct"": 100.0, ""armed"": true, ""althold"": false, ""pos_x"": -0.0, ""pos_y"": 0.0}",,PENDING,0,1,1,gemini,clear_room,door_open
4,3,find_hover_throttle,{},"{""alt_m"": -1.236, ""roll_deg"": -0.13, ""pitch_deg"": 0.08, ""yaw_deg"": 359.99, ""bat_pct"": 100.0, ""armed"": true, ""althold"": false, ""pos_x"": -0.0, ""pos_y"": 0.0}","{""alt_m"": 0.066, ""roll_deg"": -0.01, ""pitch_deg"": -0.11, ""yaw_deg"": 359.63, ""bat_pct"": 98.8, ""armed"": true, ""althold"": false, ""pos_x"": -0.52, ""pos_y"": 0.348}","Hover throttle found: PWM=1518, thr=0.518, z=0.068 m.",251.7,1,1,gemini,clear_room,door_open
4,4,enable_altitude_hold,{},"{""alt_m"": 0.066, ""roll_deg"": -0.01, ""pitch_deg"": -0.11, ""yaw_deg"": 359.63, ""bat_pct"": 98.8, ""armed"": true, ""althold"": false, ""pos_x"": -0.52, ""pos_y"": 0.348}",,PENDING,0,1,1,gemini,clear_room,door_open
4,5,enable_altitude_hold,{},"{""alt_m"": 0.066, ""roll_deg"": -0.01, ""pitch_deg"": -0.11, ""yaw_deg"": 359.63, ""bat_pct"": 98.8, ""armed"": true, ""althold"": false, ""pos_x"": -0.52, ""pos_y"": 0.348}","{""alt_m"": 0.066, ""roll_deg"": -0.01, ""pitch_deg"": -0.11, ""yaw_deg"": 359.63, ""bat_pct"": 98.8, ""armed"": true, ""althold"": true, ""pos_x"": -0.52, ""pos_y"": 0.348}","Altitude hold enabled at 0.068 m, hover_thr=0.518.",0.0,1,1,gemini,clear_room,door_open
4,6,set_altitude_target,"{""meters"": 1}","{""alt_m"": 0.066, ""roll_deg"": -0.01, ""pitch_deg"": -0.11, ""yaw_deg"": 359.63, ""bat_pct"": 98.8, ""armed"": true, ""althold"": true, ""pos_x"": -0.52, ""pos_y"": 0.348}",,PENDING,0,1,1,gemini,clear_room,door_open
4,7,set_altitude_target,"{""meters"": 1}","{""alt_m"": 0.066, ""roll_deg"": -0.01, ""pitch_deg"": -0.11, ""yaw_deg"": 359.63, ""bat_pct"": 98.8, ""armed"": true, ""althold"": true, ""pos_x"": -0.52, ""pos_y"": 0.348}","{""alt_m"": 0.066, ""roll_deg"": -0.01, ""pitch_deg"": -0.11, ""yaw_deg"": 359.63, ""bat_pct"": 98.8, ""armed"": true, ""althold"": true, ""pos_x"": -0.52, ""pos_y"": 0.348}",Altitude target set to 1.00 m.,0.0,1,1,gemini,clear_room,door_open
4,8,wait,"{""seconds"": 2}","{""alt_m"": 0.066, ""roll_deg"": -0.01, ""pitch_deg"": -0.11, ""yaw_deg"": 359.63, ""bat_pct"": 98.8, ""armed"": true, ""althold"": true, ""pos_x"": -0.52, ""pos_y"": 0.348}",,PENDING,0,1,1,gemini,clear_room,door_open
4,9,wait,"{""seconds"": 2}","{""alt_m"": 0.066, ""roll_deg"": -0.01, ""pitch_deg"": -0.11, ""yaw_deg"": 359.63, ""bat_pct"": 98.8, ""armed"": true, ""althold"": true, ""pos_x"": -0.52, ""pos_y"": 0.348}","{""alt_m"": 0.39, ""roll_deg"": 0.08, ""pitch_deg"": -0.09, ""yaw_deg"": 359.79, ""bat_pct"": 98.5, ""armed"": true, ""althold"": true, ""pos_x"": -0.688, ""pos_y"": 0.25}",Waited 2.0 s. Current EKF altitude: 0.390 m.,98.7,1,1,gemini,clear_room,door_open
4,10,wait,"{""seconds"": 2}","{""alt_m"": 0.39, ""roll_deg"": 0.08, ""pitch_deg"": -0.09, ""yaw_deg"": 359.79, ""bat_pct"": 98.5, ""armed"": true, ""althold"": true, ""pos_x"": -0.688, ""pos_y"": 0.25}",,PENDING,0,1,1,gemini,clear_room,door_open
4,11,wait,"{""seconds"": 2}","{""alt_m"": 0.39, ""roll_deg"": 0.08, ""pitch_deg"": -0.09, ""yaw_deg"": 359.79, ""bat_pct"": 98.5, ""armed"": true, ""althold"": true, ""pos_x"": -0.688, ""pos_y"": 0.25}","{""alt_m"": 0.773, ""roll_deg"": 0.05, ""pitch_deg"": -0.02, ""yaw_deg"": 359.78, ""bat_pct"": 98.1, ""armed"": true, ""althold"": true, ""pos_x"": -0.597, ""pos_y"": 0.033}",Waited 2.0 s. Current EKF altitude: 0.773 m.,107.3,1,1,gemini,clear_room,door_open
4,12,wait,"{""seconds"": 2}","{""alt_m"": 0.773, ""roll_deg"": 0.05, ""pitch_deg"": -0.02, ""yaw_deg"": 359.78, ""bat_pct"": 98.1, ""armed"": true, ""althold"": true, ""pos_x"": -0.597, ""pos_y"": 0.033}",,PENDING,0,1,1,gemini,clear_room,door_open
4,13,wait,"{""seconds"": 2}","{""alt_m"": 0.773, ""roll_deg"": 0.05, ""pitch_deg"": -0.02, ""yaw_deg"": 359.78, ""bat_pct"": 98.1, ""armed"": true, ""althold"": true, ""pos_x"": -0.597, ""pos_y"": 0.033}","{""alt_m"": 1.009, ""roll_deg"": 0.02, ""pitch_deg"": 0.04, ""yaw_deg"": 359.9, ""bat_pct"": 97.8, ""armed"": true, ""althold"": true, ""pos_x"": -0.252, ""pos_y"": 0.035}",Waited 2.0 s. Current EKF altitude: 1.009 m.,100.7,1,1,gemini,clear_room,door_open
4,14,navigate_to_waypoint,"{""z_m"": 1, ""x_m"": 0.5, ""y_m"": 0.5}","{""alt_m"": 1.009, ""roll_deg"": 0.02, ""pitch_deg"": 0.04, ""yaw_deg"": 359.9, ""bat_pct"": 97.8, ""armed"": true, ""althold"": true, ""pos_x"": -0.252, ""pos_y"": 0.035}",,PENDING,0,1,1,gemini,clear_room,door_open
4,15,navigate_to_waypoint,"{""z_m"": 1, ""x_m"": 0.5, ""y_m"": 0.5}","{""alt_m"": 1.009, ""roll_deg"": 0.02, ""pitch_deg"": 0.04, ""yaw_deg"": 359.9, ""bat_pct"": 97.8, ""armed"": true, ""althold"": true, ""pos_x"": -0.252, ""pos_y"": 0.035}","{""alt_m"": 1.006, ""roll_deg"": 0.22, ""pitch_deg"": -1.92, ""yaw_deg"": 359.98, ""bat_pct"": 96.9, ""armed"": true, ""althold"": true, ""pos_x"": 0.457, ""pos_y"": 0.531}","Navigated to (0.50,0.50,1.00). Arrived at (0.457,0.531,1.006). XY error=5.3cm.",222.2,1,1,gemini,clear_room,door_open
4,16,navigate_to_waypoint,"{""z_m"": 1, ""y_m"": -0.5, ""x_m"": 0.5}","{""alt_m"": 1.006, ""roll_deg"": 0.22, ""pitch_deg"": -1.92, ""yaw_deg"": 359.98, ""bat_pct"": 96.9, ""armed"": true, ""althold"": true, ""pos_x"": 0.457, ""pos_y"": 0.531}",,PENDING,0,1,1,gemini,clear_room,door_open
4,17,navigate_to_waypoint,"{""z_m"": 1, ""y_m"": -0.5, ""x_m"": 0.5}","{""alt_m"": 1.006, ""roll_deg"": 0.22, ""pitch_deg"": -1.92, ""yaw_deg"": 359.98, ""bat_pct"": 96.9, ""armed"": true, ""althold"": true, ""pos_x"": 0.457, ""pos_y"": 0.531}","{""alt_m"": 1.007, ""roll_deg"": -2.99, ""pitch_deg"": -0.55, ""yaw_deg"": 359.93, ""bat_pct"": 96.1, ""armed"": true, ""althold"": true, ""pos_x"": 0.554, ""pos_y"": -0.483}","Navigated to (0.50,-0.50,1.00). Arrived at (0.554,-0.483,1.007). XY error=5.7cm.",225.0,1,1,gemini,clear_room,door_open
4,18,navigate_to_waypoint,"{""z_m"": 1, ""x_m"": -0.5, ""y_m"": -0.5}","{""alt_m"": 1.007, ""roll_deg"": -2.99, ""pitch_deg"": -0.55, ""yaw_deg"": 359.93, ""bat_pct"": 96.1, ""armed"": true, ""althold"": true, ""pos_x"": 0.554, ""pos_y"": -0.483}",,PENDING,0,1,1,gemini,clear_room,door_open
4,19,navigate_to_waypoint,"{""z_m"": 1, ""x_m"": -0.5, ""y_m"": -0.5}","{""alt_m"": 1.007, ""roll_deg"": -2.99, ""pitch_deg"": -0.55, ""yaw_deg"": 359.93, ""bat_pct"": 96.1, ""armed"": true, ""althold"": true, ""pos_x"": 0.554, ""pos_y"": -0.483}","{""alt_m"": 0.997, ""roll_deg"": -0.93, ""pitch_deg"": 2.41, ""yaw_deg"": 359.74, ""bat_pct"": 95.3, ""armed"": true, ""althold"": true, ""pos_x"": -0.439, ""pos_y"": -0.572}","Navigated to (-0.50,-0.50,1.00). Arrived at (-0.439,-0.572,0.997). XY error=9.4cm.",208.4,1,1,gemini,clear_room,door_open
4,20,navigate_to_waypoint,"{""y_m"": 0.5, ""x_m"": -0.5, ""z_m"": 1}","{""alt_m"": 0.997, ""roll_deg"": -0.93, ""pitch_deg"": 2.41, ""yaw_deg"": 359.74, ""bat_pct"": 95.3, ""armed"": true, ""althold"": true, ""pos_x"": -0.439, ""pos_y"": -0.572}",,PENDING,0,1,1,gemini,clear_room,door_open
4,21,navigate_to_waypoint,"{""y_m"": 0.5, ""x_m"": -0.5, ""z_m"": 1}","{""alt_m"": 0.997, ""roll_deg"": -0.93, ""pitch_deg"": 2.41, ""yaw_deg"": 359.74, ""bat_pct"": 95.3, ""armed"": true, ""althold"": true, ""pos_x"": -0.439, ""pos_y"": -0.572}","{""alt_m"": 1.003, ""roll_deg"": 2.25, ""pitch_deg"": 0.94, ""yaw_deg"": 359.45, ""bat_pct"": 94.5, ""armed"": true, ""althold"": true, ""pos_x"": -0.574, ""pos_y"": 0.43}","Navigated to (-0.50,0.50,1.00). Arrived at (-0.574,0.430,1.003). XY error=10.2cm.",220.6,1,1,gemini,clear_room,door_open
4,22,land,{},"{""alt_m"": 1.003, ""roll_deg"": 2.25, ""pitch_deg"": 0.94, ""yaw_deg"": 359.45, ""bat_pct"": 94.5, ""armed"": true, ""althold"": true, ""pos_x"": -0.574, ""pos_y"": 0.43}",,PENDING,0,1,1,gemini,clear_room,door_open
4,23,land,{},"{""alt_m"": 1.003, ""roll_deg"": 2.25, ""pitch_deg"": 0.94, ""yaw_deg"": 359.45, ""bat_pct"": 94.5, ""armed"": true, ""althold"": true, ""pos_x"": -0.574, ""pos_y"": 0.43}","{""alt_m"": -2.536, ""roll_deg"": -0.39, ""pitch_deg"": -0.54, ""yaw_deg"": 359.12, ""bat_pct"": 94.3, ""armed"": false, ""althold"": false, ""pos_x"": -0.0, ""pos_y"": 0.0}","✓ Landed and disarmed. Final altitude=0.000m, vz=+0.000m/s, roll=-22.6°, pitch=-30.7°. Motors disarmed — drone is on the ground.",108.7,1,1,gemini,clear_room,door_open
5,0,arm,{},"{""alt_m"": 0.0, ""roll_deg"": 0.0, ""pitch_deg"": 0.0, ""yaw_deg"": 0.0, ""bat_pct"": 100.0, ""armed"": false, ""althold"": false, ""pos_x"": 0.0, ""pos_y"": 0.0}",,PENDING,0,1,1,gemini,clear_room,door_open
5,1,arm,{},"{""alt_m"": 0.0, ""roll_deg"": 0.0, ""pitch_deg"": 0.0, ""yaw_deg"": 0.0, ""bat_pct"": 100.0, ""armed"": false, ""althold"": false, ""pos_x"": 0.0, ""pos_y"": 0.0}","{""alt_m"": -1.23, ""roll_deg"": 0.09, ""pitch_deg"": 0.25, ""yaw_deg"": 360.0, ""bat_pct"": 100.0, ""armed"": true, ""althold"": false, ""pos_x"": 0.0, ""pos_y"": 0.0}","Armed. ch5=1000, motors spinning at idle.",24.5,1,1,gemini,clear_room,door_open
5,2,find_hover_throttle,{},"{""alt_m"": -1.23, ""roll_deg"": 0.09, ""pitch_deg"": 0.25, ""yaw_deg"": 360.0, ""bat_pct"": 100.0, ""armed"": true, ""althold"": false, ""pos_x"": 0.0, ""pos_y"": 0.0}",,PENDING,0,1,1,gemini,clear_room,door_open
5,3,find_hover_throttle,{},"{""alt_m"": -1.23, ""roll_deg"": 0.09, ""pitch_deg"": 0.25, ""yaw_deg"": 360.0, ""bat_pct"": 100.0, ""armed"": true, ""althold"": false, ""pos_x"": 0.0, ""pos_y"": 0.0}","{""alt_m"": 0.06, ""roll_deg"": 0.07, ""pitch_deg"": 0.0, ""yaw_deg"": 359.59, ""bat_pct"": 98.8, ""armed"": true, ""althold"": false, ""pos_x"": 0.064, ""pos_y"": 0.278}","Hover throttle found: PWM=1518, thr=0.518, z=0.069 m.",251.1,1,1,gemini,clear_room,door_open
5,4,enable_altitude_hold,{},"{""alt_m"": 0.06, ""roll_deg"": 0.07, ""pitch_deg"": 0.0, ""yaw_deg"": 359.59, ""bat_pct"": 98.8, ""armed"": true, ""althold"": false, ""pos_x"": 0.064, ""pos_y"": 0.278}",,PENDING,0,1,1,gemini,clear_room,door_open
5,5,enable_altitude_hold,{},"{""alt_m"": 0.06, ""roll_deg"": 0.07, ""pitch_deg"": 0.0, ""yaw_deg"": 359.59, ""bat_pct"": 98.8, ""armed"": true, ""althold"": false, ""pos_x"": 0.064, ""pos_y"": 0.278}","{""alt_m"": 0.06, ""roll_deg"": 0.07, ""pitch_deg"": 0.0, ""yaw_deg"": 359.59, ""bat_pct"": 98.8, ""armed"": true, ""althold"": true, ""pos_x"": 0.064, ""pos_y"": 0.278}","Altitude hold enabled at 0.069 m, hover_thr=0.518.",0.0,1,1,gemini,clear_room,door_open
5,6,set_altitude_target,"{""meters"": 1}","{""alt_m"": 0.06, ""roll_deg"": 0.07, ""pitch_deg"": 0.0, ""yaw_deg"": 359.59, ""bat_pct"": 98.8, ""armed"": true, ""althold"": true, ""pos_x"": 0.064, ""pos_y"": 0.278}",,PENDING,0,1,1,gemini,clear_room,door_open
5,7,set_altitude_target,"{""meters"": 1}","{""alt_m"": 0.06, ""roll_deg"": 0.07, ""pitch_deg"": 0.0, ""yaw_deg"": 359.59, ""bat_pct"": 98.8, ""armed"": true, ""althold"": true, ""pos_x"": 0.064, ""pos_y"": 0.278}","{""alt_m"": 0.06, ""roll_deg"": 0.07, ""pitch_deg"": 0.0, ""yaw_deg"": 359.59, ""bat_pct"": 98.8, ""armed"": true, ""althold"": true, ""pos_x"": 0.064, ""pos_y"": 0.278}",Altitude target set to 1.00 m.,0.0,1,1,gemini,clear_room,door_open
5,8,wait,"{""seconds"": 2}","{""alt_m"": 0.06, ""roll_deg"": 0.07, ""pitch_deg"": 0.0, ""yaw_deg"": 359.59, ""bat_pct"": 98.8, ""armed"": true, ""althold"": true, ""pos_x"": 0.064, ""pos_y"": 0.278}",,PENDING,0,1,1,gemini,clear_room,door_open
5,9,wait,"{""seconds"": 2}","{""alt_m"": 0.06, ""roll_deg"": 0.07, ""pitch_deg"": 0.0, ""yaw_deg"": 359.59, ""bat_pct"": 98.8, ""armed"": true, ""althold"": true, ""pos_x"": 0.064, ""pos_y"": 0.278}","{""alt_m"": 0.399, ""roll_deg"": -0.02, ""pitch_deg"": 0.05, ""yaw_deg"": 359.55, ""bat_pct"": 98.5, ""armed"": true, ""althold"": true, ""pos_x"": 0.365, ""pos_y"": 0.121}",Waited 2.0 s. Current EKF altitude: 0.399 m.,107.9,1,1,gemini,clear_room,door_open
5,10,wait,"{""seconds"": 2}","{""alt_m"": 0.399, ""roll_deg"": -0.02, ""pitch_deg"": 0.05, ""yaw_deg"": 359.55, ""bat_pct"": 98.5, ""armed"": true, ""althold"": true, ""pos_x"": 0.365, ""pos_y"": 0.121}",,PENDING,0,1,1,gemini,clear_room,door_open
5,11,wait,"{""seconds"": 2}","{""alt_m"": 0.399, ""roll_deg"": -0.02, ""pitch_deg"": 0.05, ""yaw_deg"": 359.55, ""bat_pct"": 98.5, ""armed"": true, ""althold"": true, ""pos_x"": 0.365, ""pos_y"": 0.121}","{""alt_m"": 0.771, ""roll_deg"": 0.06, ""pitch_deg"": -0.02, ""yaw_deg"": 359.6, ""bat_pct"": 98.1, ""armed"": true, ""althold"": true, ""pos_x"": 0.448, ""pos_y"": 0.059}",Waited 2.0 s. Current EKF altitude: 0.771 m.,105.9,1,1,gemini,clear_room,door_open
5,12,wait,"{""seconds"": 2}","{""alt_m"": 0.771, ""roll_deg"": 0.06, ""pitch_deg"": -0.02, ""yaw_deg"": 359.6, ""bat_pct"": 98.1, ""armed"": true, ""althold"": true, ""pos_x"": 0.448, ""pos_y"": 0.059}",,PENDING,0,1,1,gemini,clear_room,door_open
5,13,wait,"{""seconds"": 2}","{""alt_m"": 0.771, ""roll_deg"": 0.06, ""pitch_deg"": -0.02, ""yaw_deg"": 359.6, ""bat_pct"": 98.1, ""armed"": true, ""althold"": true, ""pos_x"": 0.448, ""pos_y"": 0.059}","{""alt_m"": 1.0, ""roll_deg"": -0.0, ""pitch_deg"": -0.06, ""yaw_deg"": 359.65, ""bat_pct"": 97.8, ""armed"": true, ""althold"": true, ""pos_x"": 0.143, ""pos_y"": 0.213}",Waited 2.0 s. Current EKF altitude: 1.000 m.,92.5,1,1,gemini,clear_room,door_open
5,14,navigate_to_waypoint,"{""z_m"": 1, ""y_m"": 0.5, ""x_m"": 0.5}","{""alt_m"": 1.0, ""roll_deg"": -0.0, ""pitch_deg"": -0.06, ""yaw_deg"": 359.65, ""bat_pct"": 97.8, ""armed"": true, ""althold"": true, ""pos_x"": 0.143, ""pos_y"": 0.213}",,PENDING,0,1,1,gemini,clear_room,door_open
5,15,navigate_to_waypoint,"{""z_m"": 1, ""y_m"": 0.5, ""x_m"": 0.5}","{""alt_m"": 1.0, ""roll_deg"": -0.0, ""pitch_deg"": -0.06, ""yaw_deg"": 359.65, ""bat_pct"": 97.8, ""armed"": true, ""althold"": true, ""pos_x"": 0.143, ""pos_y"": 0.213}","{""alt_m"": 1.008, ""roll_deg"": -0.61, ""pitch_deg"": -2.98, ""yaw_deg"": 359.37, ""bat_pct"": 97.0, ""armed"": true, ""althold"": true, ""pos_x"": 0.47, ""pos_y"": 0.454}","Navigated to (0.50,0.50,1.00). Arrived at (0.470,0.454,1.008). XY error=5.5cm.",194.3,1,1,gemini,clear_room,door_open
5,16,navigate_to_waypoint,"{""y_m"": -0.5, ""z_m"": 1, ""x_m"": 0.5}","{""alt_m"": 1.008, ""roll_deg"": -0.61, ""pitch_deg"": -2.98, ""yaw_deg"": 359.37, ""bat_pct"": 97.0, ""armed"": true, ""althold"": true, ""pos_x"": 0.47, ""pos_y"": 0.454}",,PENDING,0,1,1,gemini,clear_room,door_open
5,17,navigate_to_waypoint,"{""y_m"": -0.5, ""z_m"": 1, ""x_m"": 0.5}","{""alt_m"": 1.008, ""roll_deg"": -0.61, ""pitch_deg"": -2.98, ""yaw_deg"": 359.37, ""bat_pct"": 97.0, ""armed"": true, ""althold"": true, ""pos_x"": 0.47, ""pos_y"": 0.454}","{""alt_m"": 1.0, ""roll_deg"": -3.06, ""pitch_deg"": -1.08, ""yaw_deg"": 359.36, ""bat_pct"": 96.1, ""armed"": true, ""althold"": true, ""pos_x"": 0.558, ""pos_y"": -0.486}","Navigated to (0.50,-0.50,1.00). Arrived at (0.558,-0.486,1.000). XY error=6.0cm.",222.2,1,1,gemini,clear_room,door_open
5,18,navigate_to_waypoint,"{""z_m"": 1, ""x_m"": -0.5, ""y_m"": -0.5}","{""alt_m"": 1.0, ""roll_deg"": -3.06, ""pitch_deg"": -1.08, ""yaw_deg"": 359.36, ""bat_pct"": 96.1, ""armed"": true, ""althold"": true, ""pos_x"": 0.558, ""pos_y"": -0.486}",,PENDING,0,1,1,gemini,clear_room,door_open
5,19,navigate_to_waypoint,"{""z_m"": 1, ""x_m"": -0.5, ""y_m"": -0.5}","{""alt_m"": 1.0, ""roll_deg"": -3.06, ""pitch_deg"": -1.08, ""yaw_deg"": 359.36, ""bat_pct"": 96.1, ""armed"": true, ""althold"": true, ""pos_x"": 0.558, ""pos_y"": -0.486}","{""alt_m"": 1.0, ""roll_deg"": -0.97, ""pitch_deg"": 2.41, ""yaw_deg"": 359.25, ""bat_pct"": 95.3, ""armed"": true, ""althold"": true, ""pos_x"": -0.45, ""pos_y"": -0.563}","Navigated to (-0.50,-0.50,1.00). Arrived at (-0.450,-0.563,1.000). XY error=8.0cm.",218.9,1,1,gemini,clear_room,door_open
5,20,navigate_to_waypoint,"{""y_m"": 0.5, ""x_m"": -0.5, ""z_m"": 1}","{""alt_m"": 1.0, ""roll_deg"": -0.97, ""pitch_deg"": 2.41, ""yaw_deg"": 359.25, ""bat_pct"": 95.3, ""armed"": true, ""althold"": true, ""pos_x"": -0.45, ""pos_y"": -0.563}",,PENDING,0,1,1,gemini,clear_room,door_open
5,21,navigate_to_waypoint,"{""y_m"": 0.5, ""x_m"": -0.5, ""z_m"": 1}","{""alt_m"": 1.0, ""roll_deg"": -0.97, ""pitch_deg"": 2.41, ""yaw_deg"": 359.25, ""bat_pct"": 95.3, ""armed"": true, ""althold"": true, ""pos_x"": -0.45, ""pos_y"": -0.563}","{""alt_m"": 1.0, ""roll_deg"": 2.29, ""pitch_deg"": 0.78, ""yaw_deg"": 359.28, ""bat_pct"": 94.5, ""armed"": true, ""althold"": true, ""pos_x"": -0.566, ""pos_y"": 0.424}","Navigated to (-0.50,0.50,1.00). Arrived at (-0.566,0.424,1.000). XY error=10.1cm.",217.0,1,1,gemini,clear_room,door_open
5,22,land,{},"{""alt_m"": 1.0, ""roll_deg"": 2.29, ""pitch_deg"": 0.78, ""yaw_deg"": 359.28, ""bat_pct"": 94.5, ""armed"": true, ""althold"": true, ""pos_x"": -0.566, ""pos_y"": 0.424}",,PENDING,0,1,1,gemini,clear_room,door_open
5,23,land,{},"{""alt_m"": 1.0, ""roll_deg"": 2.29, ""pitch_deg"": 0.78, ""yaw_deg"": 359.28, ""bat_pct"": 94.5, ""armed"": true, ""althold"": true, ""pos_x"": -0.566, ""pos_y"": 0.424}","{""alt_m"": -2.581, ""roll_deg"": -1.42, ""pitch_deg"": -0.92, ""yaw_deg"": 359.26, ""bat_pct"": 94.3, ""armed"": false, ""althold"": false, ""pos_x"": 0.0, ""pos_y"": -0.0}","✓ Landed and disarmed. Final altitude=0.000m, vz=+0.000m/s, roll=-81.3°, pitch=-52.6°. Motors disarmed — drone is on the ground.",107.4,1,1,gemini,clear_room,door_open
1,0,arm,{},"{""alt_m"": 0.0, ""roll_deg"": 0.0, ""pitch_deg"": 0.0, ""yaw_deg"": 0.0, ""bat_pct"": 100.0, ""armed"": false, ""althold"": false, ""pos_x"": 0.0, ""pos_y"": 0.0}",,PENDING,0,1,1,gemini,alert_room,person_near
1,1,arm,{},"{""alt_m"": 0.0, ""roll_deg"": 0.0, ""pitch_deg"": 0.0, ""yaw_deg"": 0.0, ""bat_pct"": 100.0, ""armed"": false, ""althold"": false, ""pos_x"": 0.0, ""pos_y"": 0.0}","{""alt_m"": -1.23, ""roll_deg"": -0.01, ""pitch_deg"": 0.08, ""yaw_deg"": 0.0, ""bat_pct"": 100.0, ""armed"": true, ""althold"": false, ""pos_x"": 0.0, ""pos_y"": 0.0}","Armed. ch5=1000, motors spinning at idle.",25.5,1,1,gemini,alert_room,person_near
1,2,find_hover_throttle,{},"{""alt_m"": -1.23, ""roll_deg"": -0.01, ""pitch_deg"": 0.08, ""yaw_deg"": 0.0, ""bat_pct"": 100.0, ""armed"": true, ""althold"": false, ""pos_x"": 0.0, ""pos_y"": 0.0}",,PENDING,0,1,1,gemini,alert_room,person_near
1,3,find_hover_throttle,{},"{""alt_m"": -1.23, ""roll_deg"": -0.01, ""pitch_deg"": 0.08, ""yaw_deg"": 0.0, ""bat_pct"": 100.0, ""armed"": true, ""althold"": false, ""pos_x"": 0.0, ""pos_y"": 0.0}","{""alt_m"": 0.076, ""roll_deg"": 0.06, ""pitch_deg"": 0.05, ""yaw_deg"": 359.81, ""bat_pct"": 98.8, ""armed"": true, ""althold"": false, ""pos_x"": 0.861, ""pos_y"": -0.103}","Hover throttle found: PWM=1518, thr=0.518, z=0.069 m.",249.7,1,1,gemini,alert_room,person_near
1,4,enable_altitude_hold,{},"{""alt_m"": 0.076, ""roll_deg"": 0.06, ""pitch_deg"": 0.05, ""yaw_deg"": 359.81, ""bat_pct"": 98.8, ""armed"": true, ""althold"": false, ""pos_x"": 0.861, ""pos_y"": -0.103}",,PENDING,0,1,1,gemini,alert_room,person_near
1,5,enable_altitude_hold,{},"{""alt_m"": 0.076, ""roll_deg"": 0.06, ""pitch_deg"": 0.05, ""yaw_deg"": 359.81, ""bat_pct"": 98.8, ""armed"": true, ""althold"": false, ""pos_x"": 0.861, ""pos_y"": -0.103}","{""alt_m"": 0.076, ""roll_deg"": 0.06, ""pitch_deg"": 0.05, ""yaw_deg"": 359.81, ""bat_pct"": 98.8, ""armed"": true, ""althold"": true, ""pos_x"": 0.861, ""pos_y"": -0.103}","Altitude hold enabled at 0.069 m, hover_thr=0.518.",0.0,1,1,gemini,alert_room,person_near
1,6,set_altitude_target,"{""meters"": 1}","{""alt_m"": 0.076, ""roll_deg"": 0.06, ""pitch_deg"": 0.05, ""yaw_deg"": 359.81, ""bat_pct"": 98.8, ""armed"": true, ""althold"": true, ""pos_x"": 0.861, ""pos_y"": -0.103}",,PENDING,0,1,1,gemini,alert_room,person_near
1,7,set_altitude_target,"{""meters"": 1}","{""alt_m"": 0.076, ""roll_deg"": 0.06, ""pitch_deg"": 0.05, ""yaw_deg"": 359.81, ""bat_pct"": 98.8, ""armed"": true, ""althold"": true, ""pos_x"": 0.861, ""pos_y"": -0.103}","{""alt_m"": 0.076, ""roll_deg"": 0.06, ""pitch_deg"": 0.05, ""yaw_deg"": 359.81, ""bat_pct"": 98.8, ""armed"": true, ""althold"": true, ""pos_x"": 0.861, ""pos_y"": -0.103}",Altitude target set to 1.00 m.,0.0,1,1,gemini,alert_room,person_near
1,8,wait,"{""seconds"": 4}","{""alt_m"": 0.076, ""roll_deg"": 0.06, ""pitch_deg"": 0.05, ""yaw_deg"": 359.81, ""bat_pct"": 98.8, ""armed"": true, ""althold"": true, ""pos_x"": 0.861, ""pos_y"": -0.103}",,PENDING,0,1,1,gemini,alert_room,person_near
1,9,wait,"{""seconds"": 4}","{""alt_m"": 0.076, ""roll_deg"": 0.06, ""pitch_deg"": 0.05, ""yaw_deg"": 359.81, ""bat_pct"": 98.8, ""armed"": true, ""althold"": true, ""pos_x"": 0.861, ""pos_y"": -0.103}","{""alt_m"": 0.783, ""roll_deg"": 0.01, ""pitch_deg"": -0.07, ""yaw_deg"": 0.07, ""bat_pct"": 98.1, ""armed"": true, ""althold"": true, ""pos_x"": 1.134, ""pos_y"": -0.721}",Waited 4.0 s. Current EKF altitude: 0.783 m.,188.2,1,1,gemini,alert_room,person_near
1,10,wait,"{""seconds"": 2}","{""alt_m"": 0.783, ""roll_deg"": 0.01, ""pitch_deg"": -0.07, ""yaw_deg"": 0.07, ""bat_pct"": 98.1, ""armed"": true, ""althold"": true, ""pos_x"": 1.134, ""pos_y"": -0.721}",,PENDING,0,1,1,gemini,alert_room,person_near
1,11,wait,"{""seconds"": 2}","{""alt_m"": 0.783, ""roll_deg"": 0.01, ""pitch_deg"": -0.07, ""yaw_deg"": 0.07, ""bat_pct"": 98.1, ""armed"": true, ""althold"": true, ""pos_x"": 1.134, ""pos_y"": -0.721}","{""alt_m"": 1.006, ""roll_deg"": -0.03, ""pitch_deg"": -0.08, ""yaw_deg"": 0.02, ""bat_pct"": 97.8, ""armed"": true, ""althold"": true, ""pos_x"": 0.931, ""pos_y"": -0.51}",Waited 2.0 s. Current EKF altitude: 1.006 m.,98.9,1,1,gemini,alert_room,person_near
1,12,navigate_to_waypoint,"{""x_m"": 0.5, ""y_m"": 0.5, ""z_m"": 1}","{""alt_m"": 1.006, ""roll_deg"": -0.03, ""pitch_deg"": -0.08, ""yaw_deg"": 0.02, ""bat_pct"": 97.8, ""armed"": true, ""althold"": true, ""pos_x"": 0.931, ""pos_y"": -0.51}",,PENDING,0,1,1,gemini,alert_room,person_near
1,13,navigate_to_waypoint,"{""x_m"": 0.5, ""y_m"": 0.5, ""z_m"": 1}","{""alt_m"": 1.006, ""roll_deg"": -0.03, ""pitch_deg"": -0.08, ""yaw_deg"": 0.02, ""bat_pct"": 97.8, ""armed"": true, ""althold"": true, ""pos_x"": 0.931, ""pos_y"": -0.51}","{""alt_m"": 1.007, ""roll_deg"": 0.9, ""pitch_deg"": 1.07, ""yaw_deg"": 0.27, ""bat_pct"": 96.9, ""armed"": true, ""althold"": true, ""pos_x"": 0.568, ""pos_y"": 0.44}","Navigated to (0.50,0.50,1.00). Arrived at (0.568,0.440,1.007). XY error=9.1cm.",217.0,1,1,gemini,alert_room,person_near
1,14,hover,{},"{""alt_m"": 1.007, ""roll_deg"": 0.9, ""pitch_deg"": 1.07, ""yaw_deg"": 0.27, ""bat_pct"": 96.9, ""armed"": true, ""althold"": true, ""pos_x"": 0.568, ""pos_y"": 0.44}",,PENDING,0,1,1,gemini,alert_room,person_near
1,15,hover,{},"{""alt_m"": 1.007, ""roll_deg"": 0.9, ""pitch_deg"": 1.07, ""yaw_deg"": 0.27, ""bat_pct"": 96.9, ""armed"": true, ""althold"": true, ""pos_x"": 0.568, ""pos_y"": 0.44}","{""alt_m"": 1.007, ""roll_deg"": 0.9, ""pitch_deg"": 1.07, ""yaw_deg"": 0.27, ""bat_pct"": 96.9, ""armed"": true, ""althold"": true, ""pos_x"": 0.568, ""pos_y"": 0.44}",Hover: roll/pitch/yaw centred at 1500.,0.0,1,1,gemini,alert_room,person_near
1,16,land,{},"{""alt_m"": 1.007, ""roll_deg"": 0.9, ""pitch_deg"": 1.07, ""yaw_deg"": 0.27, ""bat_pct"": 96.9, ""armed"": true, ""althold"": true, ""pos_x"": 0.568, ""pos_y"": 0.44}",,PENDING,0,1,1,gemini,alert_room,person_near
1,17,land,{},"{""alt_m"": 1.007, ""roll_deg"": 0.9, ""pitch_deg"": 1.07, ""yaw_deg"": 0.27, ""bat_pct"": 96.9, ""armed"": true, ""althold"": true, ""pos_x"": 0.568, ""pos_y"": 0.44}","{""alt_m"": -2.47, ""roll_deg"": -1.43, ""pitch_deg"": 0.3, ""yaw_deg"": 0.61, ""bat_pct"": 96.8, ""armed"": false, ""althold"": false, ""pos_x"": -0.0, ""pos_y"": -0.0}","✓ Landed and disarmed. Final altitude=0.000m, vz=+0.000m/s, roll=-81.8°, pitch=17.2°. Motors disarmed — drone is on the ground.",103.7,1,1,gemini,alert_room,person_near
2,0,arm,{},"{""alt_m"": 0.0, ""roll_deg"": 0.0, ""pitch_deg"": 0.0, ""yaw_deg"": 0.0, ""bat_pct"": 100.0, ""armed"": false, ""althold"": false, ""pos_x"": 0.0, ""pos_y"": 0.0}",,PENDING,0,1,1,gemini,alert_room,person_near
2,1,arm,{},"{""alt_m"": 0.0, ""roll_deg"": 0.0, ""pitch_deg"": 0.0, ""yaw_deg"": 0.0, ""bat_pct"": 100.0, ""armed"": false, ""althold"": false, ""pos_x"": 0.0, ""pos_y"": 0.0}","{""alt_m"": -1.213, ""roll_deg"": 0.13, ""pitch_deg"": 0.17, ""yaw_deg"": 359.99, ""bat_pct"": 100.0, ""armed"": true, ""althold"": false, ""pos_x"": 0.0, ""pos_y"": -0.0}","Armed. ch5=1000, motors spinning at idle.",15.8,1,1,gemini,alert_room,person_near
2,2,find_hover_throttle,{},"{""alt_m"": -1.213, ""roll_deg"": 0.13, ""pitch_deg"": 0.17, ""yaw_deg"": 359.99, ""bat_pct"": 100.0, ""armed"": true, ""althold"": false, ""pos_x"": 0.0, ""pos_y"": -0.0}",,PENDING,0,1,1,gemini,alert_room,person_near
2,3,find_hover_throttle,{},"{""alt_m"": -1.213, ""roll_deg"": 0.13, ""pitch_deg"": 0.17, ""yaw_deg"": 359.99, ""bat_pct"": 100.0, ""armed"": true, ""althold"": false, ""pos_x"": 0.0, ""pos_y"": -0.0}","{""alt_m"": 0.064, ""roll_deg"": -0.01, ""pitch_deg"": 0.08, ""yaw_deg"": 359.62, ""bat_pct"": 98.8, ""armed"": true, ""althold"": false, ""pos_x"": 0.598, ""pos_y"": 1.063}","Hover throttle found: PWM=1518, thr=0.518, z=0.068 m.",254.5,1,1,gemini,alert_room,person_near
2,4,enable_altitude_hold,{},"{""alt_m"": 0.064, ""roll_deg"": -0.01, ""pitch_deg"": 0.08, ""yaw_deg"": 359.62, ""bat_pct"": 98.8, ""armed"": true, ""althold"": false, ""pos_x"": 0.598, ""pos_y"": 1.063}",,PENDING,0,1,1,gemini,alert_room,person_near
2,5,enable_altitude_hold,{},"{""alt_m"": 0.064, ""roll_deg"": -0.01, ""pitch_deg"": 0.08, ""yaw_deg"": 359.62, ""bat_pct"": 98.8, ""armed"": true, ""althold"": false, ""pos_x"": 0.598, ""pos_y"": 1.063}","{""alt_m"": 0.064, ""roll_deg"": -0.01, ""pitch_deg"": 0.08, ""yaw_deg"": 359.62, ""bat_pct"": 98.8, ""armed"": true, ""althold"": true, ""pos_x"": 0.598, ""pos_y"": 1.063}","Altitude hold enabled at 0.068 m, hover_thr=0.518.",0.0,1,1,gemini,alert_room,person_near
2,6,set_altitude_target,"{""meters"": 1}","{""alt_m"": 0.064, ""roll_deg"": -0.01, ""pitch_deg"": 0.08, ""yaw_deg"": 359.62, ""bat_pct"": 98.8, ""armed"": true, ""althold"": true, ""pos_x"": 0.598, ""pos_y"": 1.063}",,PENDING,0,1,1,gemini,alert_room,person_near
2,7,set_altitude_target,"{""meters"": 1}","{""alt_m"": 0.064, ""roll_deg"": -0.01, ""pitch_deg"": 0.08, ""yaw_deg"": 359.62, ""bat_pct"": 98.8, ""armed"": true, ""althold"": true, ""pos_x"": 0.598, ""pos_y"": 1.063}","{""alt_m"": 0.064, ""roll_deg"": -0.01, ""pitch_deg"": 0.08, ""yaw_deg"": 359.62, ""bat_pct"": 98.8, ""armed"": true, ""althold"": true, ""pos_x"": 0.598, ""pos_y"": 1.063}",Altitude target set to 1.00 m.,0.0,1,1,gemini,alert_room,person_near
2,8,wait,"{""seconds"": 4}","{""alt_m"": 0.064, ""roll_deg"": -0.01, ""pitch_deg"": 0.08, ""yaw_deg"": 359.62, ""bat_pct"": 98.8, ""armed"": true, ""althold"": true, ""pos_x"": 0.598, ""pos_y"": 1.063}",,PENDING,0,1,1,gemini,alert_room,person_near
2,9,wait,"{""seconds"": 4}","{""alt_m"": 0.064, ""roll_deg"": -0.01, ""pitch_deg"": 0.08, ""yaw_deg"": 359.62, ""bat_pct"": 98.8, ""armed"": true, ""althold"": true, ""pos_x"": 0.598, ""pos_y"": 1.063}","{""alt_m"": 0.78, ""roll_deg"": -0.03, ""pitch_deg"": 0.1, ""yaw_deg"": 359.74, ""bat_pct"": 98.1, ""armed"": true, ""althold"": true, ""pos_x"": 0.774, ""pos_y"": 0.618}",Waited 4.0 s. Current EKF altitude: 0.780 m.,188.2,1,1,gemini,alert_room,person_near
2,10,wait,"{""seconds"": 2}","{""alt_m"": 0.78, ""roll_deg"": -0.03, ""pitch_deg"": 0.1, ""yaw_deg"": 359.74, ""bat_pct"": 98.1, ""armed"": true, ""althold"": true, ""pos_x"": 0.774, ""pos_y"": 0.618}",,PENDING,0,1,1,gemini,alert_room,person_near
2,11,wait,"{""seconds"": 2}","{""alt_m"": 0.78, ""roll_deg"": -0.03, ""pitch_deg"": 0.1, ""yaw_deg"": 359.74, ""bat_pct"": 98.1, ""armed"": true, ""althold"": true, ""pos_x"": 0.774, ""pos_y"": 0.618}","{""alt_m"": 1.0, ""roll_deg"": -0.03, ""pitch_deg"": 0.07, ""yaw_deg"": 359.73, ""bat_pct"": 97.8, ""armed"": true, ""althold"": true, ""pos_x"": 0.967, ""pos_y"": 0.396}",Waited 2.0 s. Current EKF altitude: 1.000 m.,106.8,1,1,gemini,alert_room,person_near
2,12,navigate_to_waypoint,"{""y_m"": 0.5, ""x_m"": 0.5, ""z_m"": 1}","{""alt_m"": 1.0, ""roll_deg"": -0.03, ""pitch_deg"": 0.07, ""yaw_deg"": 359.73, ""bat_pct"": 97.8, ""armed"": true, ""althold"": true, ""pos_x"": 0.967, ""pos_y"": 0.396}",,PENDING,0,1,1,gemini,alert_room,person_near
2,13,navigate_to_waypoint,"{""y_m"": 0.5, ""x_m"": 0.5, ""z_m"": 1}","{""alt_m"": 1.0, ""roll_deg"": -0.03, ""pitch_deg"": 0.07, ""yaw_deg"": 359.73, ""bat_pct"": 97.8, ""armed"": true, ""althold"": true, ""pos_x"": 0.967, ""pos_y"": 0.396}","{""alt_m"": 1.006, ""roll_deg"": -0.42, ""pitch_deg"": 0.42, ""yaw_deg"": 359.5, ""bat_pct"": 97.0, ""armed"": true, ""althold"": true, ""pos_x"": 0.559, ""pos_y"": 0.58}","Navigated to (0.50,0.50,1.00). Arrived at (0.559,0.580,1.006). XY error=9.9cm.",200.2,1,1,gemini,alert_room,person_near
3,0,arm,{},"{""alt_m"": 0.0, ""roll_deg"": 0.0, ""pitch_deg"": 0.0, ""yaw_deg"": 0.0, ""bat_pct"": 100.0, ""armed"": false, ""althold"": false, ""pos_x"": 0.0, ""pos_y"": 0.0}",,PENDING,0,1,1,gemini,alert_room,person_near
3,1,arm,{},"{""alt_m"": 0.0, ""roll_deg"": 0.0, ""pitch_deg"": 0.0, ""yaw_deg"": 0.0, ""bat_pct"": 100.0, ""armed"": false, ""althold"": false, ""pos_x"": 0.0, ""pos_y"": 0.0}","{""alt_m"": -1.221, ""roll_deg"": -0.15, ""pitch_deg"": -0.0, ""yaw_deg"": 359.97, ""bat_pct"": 100.0, ""armed"": true, ""althold"": false, ""pos_x"": 0.0, ""pos_y"": 0.0}","Armed. ch5=1000, motors spinning at idle.",26.2,1,1,gemini,alert_room,person_near
3,2,find_hover_throttle,{},"{""alt_m"": -1.221, ""roll_deg"": -0.15, ""pitch_deg"": -0.0, ""yaw_deg"": 359.97, ""bat_pct"": 100.0, ""armed"": true, ""althold"": false, ""pos_x"": 0.0, ""pos_y"": 0.0}",,PENDING,0,1,1,gemini,alert_room,person_near
3,3,find_hover_throttle,{},"{""alt_m"": -1.221, ""roll_deg"": -0.15, ""pitch_deg"": -0.0, ""yaw_deg"": 359.97, ""bat_pct"": 100.0, ""armed"": true, ""althold"": false, ""pos_x"": 0.0, ""pos_y"": 0.0}","{""alt_m"": 0.069, ""roll_deg"": -0.03, ""pitch_deg"": -0.01, ""yaw_deg"": 359.74, ""bat_pct"": 98.8, ""armed"": true, ""althold"": false, ""pos_x"": 0.301, ""pos_y"": 0.796}","Hover throttle found: PWM=1518, thr=0.518, z=0.069 m.",247.6,1,1,gemini,alert_room,person_near
3,4,enable_altitude_hold,{},"{""alt_m"": 0.069, ""roll_deg"": -0.03, ""pitch_deg"": -0.01, ""yaw_deg"": 359.74, ""bat_pct"": 98.8, ""armed"": true, ""althold"": false, ""pos_x"": 0.301, ""pos_y"": 0.796}",,PENDING,0,1,1,gemini,alert_room,person_near
3,5,enable_altitude_hold,{},"{""alt_m"": 0.069, ""roll_deg"": -0.03, ""pitch_deg"": -0.01, ""yaw_deg"": 359.74, ""bat_pct"": 98.8, ""armed"": true, ""althold"": false, ""pos_x"": 0.301, ""pos_y"": 0.796}","{""alt_m"": 0.069, ""roll_deg"": -0.03, ""pitch_deg"": -0.01, ""yaw_deg"": 359.74, ""bat_pct"": 98.8, ""armed"": true, ""althold"": true, ""pos_x"": 0.301, ""pos_y"": 0.796}","Altitude hold enabled at 0.069 m, hover_thr=0.518.",0.0,1,1,gemini,alert_room,person_near
3,6,wait,"{""seconds"": 2}","{""alt_m"": 0.069, ""roll_deg"": -0.03, ""pitch_deg"": -0.01, ""yaw_deg"": 359.74, ""bat_pct"": 98.8, ""armed"": true, ""althold"": true, ""pos_x"": 0.301, ""pos_y"": 0.796}",,PENDING,0,1,1,gemini,alert_room,person_near
3,7,wait,"{""seconds"": 2}","{""alt_m"": 0.069, ""roll_deg"": -0.03, ""pitch_deg"": -0.01, ""yaw_deg"": 359.74, ""bat_pct"": 98.8, ""armed"": true, ""althold"": true, ""pos_x"": 0.301, ""pos_y"": 0.796}","{""alt_m"": 0.072, ""roll_deg"": -0.02, ""pitch_deg"": 0.03, ""yaw_deg"": 359.8, ""bat_pct"": 98.5, ""armed"": true, ""althold"": true, ""pos_x"": 0.309, ""pos_y"": 0.99}",Waited 2.0 s. Current EKF altitude: 0.072 m.,101.2,1,1,gemini,alert_room,person_near
3,8,set_altitude_target,"{""meters"": 1}","{""alt_m"": 0.072, ""roll_deg"": -0.02, ""pitch_deg"": 0.03, ""yaw_deg"": 359.8, ""bat_pct"": 98.5, ""armed"": true, ""althold"": true, ""pos_x"": 0.309, ""pos_y"": 0.99}",,PENDING,0,1,1,gemini,alert_room,person_near
3,9,set_altitude_target,"{""meters"": 1}","{""alt_m"": 0.072, ""roll_deg"": -0.02, ""pitch_deg"": 0.03, ""yaw_deg"": 359.8, ""bat_pct"": 98.5, ""armed"": true, ""althold"": true, ""pos_x"": 0.309, ""pos_y"": 0.99}","{""alt_m"": 0.072, ""roll_deg"": -0.02, ""pitch_deg"": 0.03, ""yaw_deg"": 359.8, ""bat_pct"": 98.5, ""armed"": true, ""althold"": true, ""pos_x"": 0.309, ""pos_y"": 0.99}",Altitude target set to 1.00 m.,0.0,1,1,gemini,alert_room,person_near
3,10,wait,"{""seconds"": 4}","{""alt_m"": 0.072, ""roll_deg"": -0.02, ""pitch_deg"": 0.03, ""yaw_deg"": 359.8, ""bat_pct"": 98.5, ""armed"": true, ""althold"": true, ""pos_x"": 0.309, ""pos_y"": 0.99}",,PENDING,0,1,1,gemini,alert_room,person_near
3,11,wait,"{""seconds"": 4}","{""alt_m"": 0.072, ""roll_deg"": -0.02, ""pitch_deg"": 0.03, ""yaw_deg"": 359.8, ""bat_pct"": 98.5, ""armed"": true, ""althold"": true, ""pos_x"": 0.309, ""pos_y"": 0.99}","{""alt_m"": 0.795, ""roll_deg"": -0.09, ""pitch_deg"": -0.05, ""yaw_deg"": 359.74, ""bat_pct"": 97.8, ""armed"": true, ""althold"": true, ""pos_x"": 0.2, ""pos_y"": 0.716}",Waited 4.0 s. Current EKF altitude: 0.795 m.,158.2,1,1,gemini,alert_room,person_near
3,12,wait,"{""seconds"": 2}","{""alt_m"": 0.795, ""roll_deg"": -0.09, ""pitch_deg"": -0.05, ""yaw_deg"": 359.74, ""bat_pct"": 97.8, ""armed"": true, ""althold"": true, ""pos_x"": 0.2, ""pos_y"": 0.716}",,PENDING,0,1,1,gemini,alert_room,person_near
3,13,wait,"{""seconds"": 2}","{""alt_m"": 0.795, ""roll_deg"": -0.09, ""pitch_deg"": -0.05, ""yaw_deg"": 359.74, ""bat_pct"": 97.8, ""armed"": true, ""althold"": true, ""pos_x"": 0.2, ""pos_y"": 0.716}","{""alt_m"": 1.01, ""roll_deg"": -0.01, ""pitch_deg"": 0.01, ""yaw_deg"": 359.69, ""bat_pct"": 97.4, ""armed"": true, ""althold"": true, ""pos_x"": 0.289, ""pos_y"": 0.706}",Waited 2.0 s. Current EKF altitude: 1.010 m.,107.8,1,1,gemini,alert_room,person_near
3,14,navigate_to_waypoint,"{""z_m"": 1, ""x_m"": 0.5, ""y_m"": 0.5}","{""alt_m"": 1.01, ""roll_deg"": -0.01, ""pitch_deg"": 0.01, ""yaw_deg"": 359.69, ""bat_pct"": 97.4, ""armed"": true, ""althold"": true, ""pos_x"": 0.289, ""pos_y"": 0.706}",,PENDING,0,1,1,gemini,alert_room,person_near
3,15,navigate_to_waypoint,"{""z_m"": 1, ""x_m"": 0.5, ""y_m"": 0.5}","{""alt_m"": 1.01, ""roll_deg"": -0.01, ""pitch_deg"": 0.01, ""yaw_deg"": 359.69, ""bat_pct"": 97.4, ""armed"": true, ""althold"": true, ""pos_x"": 0.289, ""pos_y"": 0.706}","{""alt_m"": 1.007, ""roll_deg"": -1.41, ""pitch_deg"": -0.01, ""yaw_deg"": 359.68, ""bat_pct"": 96.6, ""armed"": true, ""althold"": true, ""pos_x"": 0.492, ""pos_y"": 0.562}","Navigated to (0.50,0.50,1.00). Arrived at (0.492,0.562,1.007). XY error=6.3cm.",203.6,1,1,gemini,alert_room,person_near
3,16,hover,{},"{""alt_m"": 1.007, ""roll_deg"": -1.41, ""pitch_deg"": -0.01, ""yaw_deg"": 359.68, ""bat_pct"": 96.6, ""armed"": true, ""althold"": true, ""pos_x"": 0.492, ""pos_y"": 0.562}",,PENDING,0,1,1,gemini,alert_room,person_near
3,17,hover,{},"{""alt_m"": 1.007, ""roll_deg"": -1.41, ""pitch_deg"": -0.01, ""yaw_deg"": 359.68, ""bat_pct"": 96.6, ""armed"": true, ""althold"": true, ""pos_x"": 0.492, ""pos_y"": 0.562}","{""alt_m"": 1.007, ""roll_deg"": -1.41, ""pitch_deg"": -0.01, ""yaw_deg"": 359.68, ""bat_pct"": 96.6, ""armed"": true, ""althold"": true, ""pos_x"": 0.492, ""pos_y"": 0.562}",Hover: roll/pitch/yaw centred at 1500.,0.0,1,1,gemini,alert_room,person_near
3,18,land,{},"{""alt_m"": 1.007, ""roll_deg"": -1.41, ""pitch_deg"": -0.01, ""yaw_deg"": 359.68, ""bat_pct"": 96.6, ""armed"": true, ""althold"": true, ""pos_x"": 0.492, ""pos_y"": 0.562}",,PENDING,0,1,1,gemini,alert_room,person_near
3,19,land,{},"{""alt_m"": 1.007, ""roll_deg"": -1.41, ""pitch_deg"": -0.01, ""yaw_deg"": 359.68, ""bat_pct"": 96.6, ""armed"": true, ""althold"": true, ""pos_x"": 0.492, ""pos_y"": 0.562}","{""alt_m"": -2.436, ""roll_deg"": 0.53, ""pitch_deg"": 0.5, ""yaw_deg"": 359.9, ""bat_pct"": 96.4, ""armed"": false, ""althold"": false, ""pos_x"": -0.0, ""pos_y"": -0.0}","✓ Landed and disarmed. Final altitude=0.000m, vz=+0.000m/s, roll=30.6°, pitch=28.7°. Motors disarmed — drone is on the ground.",83.8,1,1,gemini,alert_room,person_near
4,0,arm,{},"{""alt_m"": 0.0, ""roll_deg"": 0.0, ""pitch_deg"": 0.0, ""yaw_deg"": 0.0, ""bat_pct"": 100.0, ""armed"": false, ""althold"": false, ""pos_x"": 0.0, ""pos_y"": 0.0}",,PENDING,0,1,1,gemini,alert_room,person_near
4,1,arm,{},"{""alt_m"": 0.0, ""roll_deg"": 0.0, ""pitch_deg"": 0.0, ""yaw_deg"": 0.0, ""bat_pct"": 100.0, ""armed"": false, ""althold"": false, ""pos_x"": 0.0, ""pos_y"": 0.0}","{""alt_m"": -1.223, ""roll_deg"": 0.08, ""pitch_deg"": 0.05, ""yaw_deg"": 0.02, ""bat_pct"": 100.0, ""armed"": true, ""althold"": false, ""pos_x"": 0.0, ""pos_y"": -0.0}","Armed. ch5=1000, motors spinning at idle.",15.2,1,1,gemini,alert_room,person_near
4,2,find_hover_throttle,{},"{""alt_m"": -1.223, ""roll_deg"": 0.08, ""pitch_deg"": 0.05, ""yaw_deg"": 0.02, ""bat_pct"": 100.0, ""armed"": true, ""althold"": false, ""pos_x"": 0.0, ""pos_y"": -0.0}",,PENDING,0,1,1,gemini,alert_room,person_near
4,3,find_hover_throttle,{},"{""alt_m"": -1.223, ""roll_deg"": 0.08, ""pitch_deg"": 0.05, ""yaw_deg"": 0.02, ""bat_pct"": 100.0, ""armed"": true, ""althold"": false, ""pos_x"": 0.0, ""pos_y"": -0.0}","{""alt_m"": 0.071, ""roll_deg"": -0.06, ""pitch_deg"": -0.07, ""yaw_deg"": 359.49, ""bat_pct"": 98.8, ""armed"": true, ""althold"": false, ""pos_x"": -0.057, ""pos_y"": -2.513}","Hover throttle found: PWM=1518, thr=0.518, z=0.069 m.",235.0,1,1,gemini,alert_room,person_near
4,4,enable_altitude_hold,{},"{""alt_m"": 0.071, ""roll_deg"": -0.06, ""pitch_deg"": -0.07, ""yaw_deg"": 359.49, ""bat_pct"": 98.8, ""armed"": true, ""althold"": false, ""pos_x"": -0.057, ""pos_y"": -2.513}",,PENDING,0,1,1,gemini,alert_room,person_near
4,5,enable_altitude_hold,{},"{""alt_m"": 0.071, ""roll_deg"": -0.06, ""pitch_deg"": -0.07, ""yaw_deg"": 359.49, ""bat_pct"": 98.8, ""armed"": true, ""althold"": false, ""pos_x"": -0.057, ""pos_y"": -2.513}","{""alt_m"": 0.071, ""roll_deg"": -0.06, ""pitch_deg"": -0.07, ""yaw_deg"": 359.49, ""bat_pct"": 98.8, ""armed"": true, ""althold"": true, ""pos_x"": -0.057, ""pos_y"": -2.513}","Altitude hold enabled at 0.069 m, hover_thr=0.518.",0.0,1,1,gemini,alert_room,person_near
4,6,wait,"{""seconds"": 2}","{""alt_m"": 0.071, ""roll_deg"": -0.06, ""pitch_deg"": -0.07, ""yaw_deg"": 359.49, ""bat_pct"": 98.8, ""armed"": true, ""althold"": true, ""pos_x"": -0.057, ""pos_y"": -2.513}",,PENDING,0,1,1,gemini,alert_room,person_near
4,7,wait,"{""seconds"": 2}","{""alt_m"": 0.071, ""roll_deg"": -0.06, ""pitch_deg"": -0.07, ""yaw_deg"": 359.49, ""bat_pct"": 98.8, ""armed"": true, ""althold"": true, ""pos_x"": -0.057, ""pos_y"": -2.513}","{""alt_m"": 0.084, ""roll_deg"": 0.01, ""pitch_deg"": -0.1, ""yaw_deg"": 359.54, ""bat_pct"": 98.5, ""armed"": true, ""althold"": true, ""pos_x"": -0.31, ""pos_y"": -2.879}",Waited 2.0 s. Current EKF altitude: 0.084 m.,110.1,1,1,gemini,alert_room,person_near
4,8,set_altitude_target,"{""meters"": 1}","{""alt_m"": 0.084, ""roll_deg"": 0.01, ""pitch_deg"": -0.1, ""yaw_deg"": 359.54, ""bat_pct"": 98.5, ""armed"": true, ""althold"": true, ""pos_x"": -0.31, ""pos_y"": -2.879}",,PENDING,0,1,1,gemini,alert_room,person_near
4,9,set_altitude_target,"{""meters"": 1}","{""alt_m"": 0.084, ""roll_deg"": 0.01, ""pitch_deg"": -0.1, ""yaw_deg"": 359.54, ""bat_pct"": 98.5, ""armed"": true, ""althold"": true, ""pos_x"": -0.31, ""pos_y"": -2.879}","{""alt_m"": 0.084, ""roll_deg"": 0.01, ""pitch_deg"": -0.1, ""yaw_deg"": 359.54, ""bat_pct"": 98.5, ""armed"": true, ""althold"": true, ""pos_x"": -0.31, ""pos_y"": -2.879}",Altitude target set to 1.00 m.,0.0,1,1,gemini,alert_room,person_near
4,10,wait,"{""seconds"": 4}","{""alt_m"": 0.084, ""roll_deg"": 0.01, ""pitch_deg"": -0.1, ""yaw_deg"": 359.54, ""bat_pct"": 98.5, ""armed"": true, ""althold"": true, ""pos_x"": -0.31, ""pos_y"": -2.879}",,PENDING,0,1,1,gemini,alert_room,person_near
4,11,wait,"{""seconds"": 4}","{""alt_m"": 0.084, ""roll_deg"": 0.01, ""pitch_deg"": -0.1, ""yaw_deg"": 359.54, ""bat_pct"": 98.5, ""armed"": true, ""althold"": true, ""pos_x"": -0.31, ""pos_y"": -2.879}","{""alt_m"": 0.792, ""roll_deg"": 0.08, ""pitch_deg"": -0.11, ""yaw_deg"": 359.4, ""bat_pct"": 97.8, ""armed"": true, ""althold"": true, ""pos_x"": -0.408, ""pos_y"": -2.785}",Waited 4.0 s. Current EKF altitude: 0.792 m.,181.3,1,1,gemini,alert_room,person_near
4,12,wait,"{""seconds"": 2}","{""alt_m"": 0.792, ""roll_deg"": 0.08, ""pitch_deg"": -0.11, ""yaw_deg"": 359.4, ""bat_pct"": 97.8, ""armed"": true, ""althold"": true, ""pos_x"": -0.408, ""pos_y"": -2.785}",,PENDING,0,1,1,gemini,alert_room,person_near
4,13,wait,"{""seconds"": 2}","{""alt_m"": 0.792, ""roll_deg"": 0.08, ""pitch_deg"": -0.11, ""yaw_deg"": 359.4, ""bat_pct"": 97.8, ""armed"": true, ""althold"": true, ""pos_x"": -0.408, ""pos_y"": -2.785}","{""alt_m"": 1.011, ""roll_deg"": -0.08, ""pitch_deg"": 0.03, ""yaw_deg"": 359.33, ""bat_pct"": 97.4, ""armed"": true, ""althold"": true, ""pos_x"": -0.341, ""pos_y"": -2.494}",Waited 2.0 s. Current EKF altitude: 1.011 m.,106.3,1,1,gemini,alert_room,person_near
4,14,navigate_to_waypoint,"{""z_m"": 1, ""y_m"": 0.5, ""x_m"": 0.5}","{""alt_m"": 1.011, ""roll_deg"": -0.08, ""pitch_deg"": 0.03, ""yaw_deg"": 359.33, ""bat_pct"": 97.4, ""armed"": true, ""althold"": true, ""pos_x"": -0.341, ""pos_y"": -2.494}",,PENDING,0,1,1,gemini,alert_room,person_near
4,15,navigate_to_waypoint,"{""z_m"": 1, ""y_m"": 0.5, ""x_m"": 0.5}","{""alt_m"": 1.011, ""roll_deg"": -0.08, ""pitch_deg"": 0.03, ""yaw_deg"": 359.33, ""bat_pct"": 97.4, ""armed"": true, ""althold"": true, ""pos_x"": -0.341, ""pos_y"": -2.494}","{""alt_m"": 1.002, ""roll_deg"": 1.33, ""pitch_deg"": 1.63, ""yaw_deg"": 359.73, ""bat_pct"": 96.2, ""armed"": true, ""althold"": true, ""pos_x"": 0.565, ""pos_y"": 0.576}","Navigated to (0.50,0.50,1.00). Arrived at (0.565,0.576,1.002). XY error=10.0cm.",316.3,1,1,gemini,alert_room,person_near
5,0,arm,{},"{""alt_m"": 0.0, ""roll_deg"": 0.0, ""pitch_deg"": 0.0, ""yaw_deg"": 0.0, ""bat_pct"": 100.0, ""armed"": false, ""althold"": false, ""pos_x"": 0.0, ""pos_y"": 0.0}",,PENDING,0,1,1,gemini,alert_room,person_near
5,1,arm,{},"{""alt_m"": 0.0, ""roll_deg"": 0.0, ""pitch_deg"": 0.0, ""yaw_deg"": 0.0, ""bat_pct"": 100.0, ""armed"": false, ""althold"": false, ""pos_x"": 0.0, ""pos_y"": 0.0}","{""alt_m"": -1.234, ""roll_deg"": 0.21, ""pitch_deg"": -0.02, ""yaw_deg"": 359.99, ""bat_pct"": 100.0, ""armed"": true, ""althold"": false, ""pos_x"": -0.0, ""pos_y"": 0.0}","Armed. ch5=1000, motors spinning at idle.",19.1,1,1,gemini,alert_room,person_near
5,2,find_hover_throttle,{},"{""alt_m"": -1.234, ""roll_deg"": 0.21, ""pitch_deg"": -0.02, ""yaw_deg"": 359.99, ""bat_pct"": 100.0, ""armed"": true, ""althold"": false, ""pos_x"": -0.0, ""pos_y"": 0.0}",,PENDING,0,1,1,gemini,alert_room,person_near
5,3,find_hover_throttle,{},"{""alt_m"": -1.234, ""roll_deg"": 0.21, ""pitch_deg"": -0.02, ""yaw_deg"": 359.99, ""bat_pct"": 100.0, ""armed"": true, ""althold"": false, ""pos_x"": -0.0, ""pos_y"": 0.0}","{""alt_m"": 0.062, ""roll_deg"": -0.03, ""pitch_deg"": 0.01, ""yaw_deg"": 0.07, ""bat_pct"": 98.8, ""armed"": true, ""althold"": false, ""pos_x"": 0.176, ""pos_y"": 0.545}","Hover throttle found: PWM=1518, thr=0.518, z=0.069 m.",249.7,1,1,gemini,alert_room,person_near
5,4,enable_altitude_hold,{},"{""alt_m"": 0.062, ""roll_deg"": -0.03, ""pitch_deg"": 0.01, ""yaw_deg"": 0.07, ""bat_pct"": 98.8, ""armed"": true, ""althold"": false, ""pos_x"": 0.176, ""pos_y"": 0.545}",,PENDING,0,1,1,gemini,alert_room,person_near
5,5,enable_altitude_hold,{},"{""alt_m"": 0.062, ""roll_deg"": -0.03, ""pitch_deg"": 0.01, ""yaw_deg"": 0.07, ""bat_pct"": 98.8, ""armed"": true, ""althold"": false, ""pos_x"": 0.176, ""pos_y"": 0.545}","{""alt_m"": 0.062, ""roll_deg"": -0.03, ""pitch_deg"": 0.01, ""yaw_deg"": 0.07, ""bat_pct"": 98.8, ""armed"": true, ""althold"": true, ""pos_x"": 0.176, ""pos_y"": 0.545}","Altitude hold enabled at 0.069 m, hover_thr=0.518.",0.0,1,1,gemini,alert_room,person_near
5,6,wait,"{""seconds"": 2}","{""alt_m"": 0.062, ""roll_deg"": -0.03, ""pitch_deg"": 0.01, ""yaw_deg"": 0.07, ""bat_pct"": 98.8, ""armed"": true, ""althold"": true, ""pos_x"": 0.176, ""pos_y"": 0.545}",,PENDING,0,1,1,gemini,alert_room,person_near
5,7,wait,"{""seconds"": 2}","{""alt_m"": 0.062, ""roll_deg"": -0.03, ""pitch_deg"": 0.01, ""yaw_deg"": 0.07, ""bat_pct"": 98.8, ""armed"": true, ""althold"": true, ""pos_x"": 0.176, ""pos_y"": 0.545}","{""alt_m"": 0.064, ""roll_deg"": 0.01, ""pitch_deg"": 0.05, ""yaw_deg"": 0.15, ""bat_pct"": 98.5, ""armed"": true, ""althold"": true, ""pos_x"": 0.645, ""pos_y"": 0.374}",Waited 2.0 s. Current EKF altitude: 0.064 m.,103.3,1,1,gemini,alert_room,person_near
5,8,set_altitude_target,"{""meters"": 1}","{""alt_m"": 0.064, ""roll_deg"": 0.01, ""pitch_deg"": 0.05, ""yaw_deg"": 0.15, ""bat_pct"": 98.5, ""armed"": true, ""althold"": true, ""pos_x"": 0.645, ""pos_y"": 0.374}",,PENDING,0,1,1,gemini,alert_room,person_near
5,9,set_altitude_target,"{""meters"": 1}","{""alt_m"": 0.064, ""roll_deg"": 0.01, ""pitch_deg"": 0.05, ""yaw_deg"": 0.15, ""bat_pct"": 98.5, ""armed"": true, ""althold"": true, ""pos_x"": 0.645, ""pos_y"": 0.374}","{""alt_m"": 0.064, ""roll_deg"": 0.01, ""pitch_deg"": 0.05, ""yaw_deg"": 0.15, ""bat_pct"": 98.5, ""armed"": true, ""althold"": true, ""pos_x"": 0.645, ""pos_y"": 0.374}",Altitude target set to 1.00 m.,0.0,1,1,gemini,alert_room,person_near
5,10,wait,"{""seconds"": 4}","{""alt_m"": 0.064, ""roll_deg"": 0.01, ""pitch_deg"": 0.05, ""yaw_deg"": 0.15, ""bat_pct"": 98.5, ""armed"": true, ""althold"": true, ""pos_x"": 0.645, ""pos_y"": 0.374}",,PENDING,0,1,1,gemini,alert_room,person_near
5,11,wait,"{""seconds"": 4}","{""alt_m"": 0.064, ""roll_deg"": 0.01, ""pitch_deg"": 0.05, ""yaw_deg"": 0.15, ""bat_pct"": 98.5, ""armed"": true, ""althold"": true, ""pos_x"": 0.645, ""pos_y"": 0.374}","{""alt_m"": 0.758, ""roll_deg"": -0.04, ""pitch_deg"": -0.0, ""yaw_deg"": 0.3, ""bat_pct"": 97.8, ""armed"": true, ""althold"": true, ""pos_x"": 0.909, ""pos_y"": 0.284}",Waited 4.0 s. Current EKF altitude: 0.758 m.,183.9,1,1,gemini,alert_room,person_near
5,12,wait,"{""seconds"": 2}","{""alt_m"": 0.758, ""roll_deg"": -0.04, ""pitch_deg"": -0.0, ""yaw_deg"": 0.3, ""bat_pct"": 97.8, ""armed"": true, ""althold"": true, ""pos_x"": 0.909, ""pos_y"": 0.284}",,PENDING,0,1,1,gemini,alert_room,person_near
5,13,wait,"{""seconds"": 2}","{""alt_m"": 0.758, ""roll_deg"": -0.04, ""pitch_deg"": -0.0, ""yaw_deg"": 0.3, ""bat_pct"": 97.8, ""armed"": true, ""althold"": true, ""pos_x"": 0.909, ""pos_y"": 0.284}","{""alt_m"": 1.004, ""roll_deg"": 0.02, ""pitch_deg"": -0.07, ""yaw_deg"": 0.3, ""bat_pct"": 97.4, ""armed"": true, ""althold"": true, ""pos_x"": 0.96, ""pos_y"": 0.387}",Waited 2.0 s. Current EKF altitude: 1.004 m.,102.9,1,1,gemini,alert_room,person_near
5,14,navigate_to_waypoint,"{""x_m"": 0.5, ""y_m"": 0.5, ""z_m"": 1}","{""alt_m"": 1.004, ""roll_deg"": 0.02, ""pitch_deg"": -0.07, ""yaw_deg"": 0.3, ""bat_pct"": 97.4, ""armed"": true, ""althold"": true, ""pos_x"": 0.96, ""pos_y"": 0.387}",,PENDING,0,1,1,gemini,alert_room,person_near
5,15,navigate_to_waypoint,"{""x_m"": 0.5, ""y_m"": 0.5, ""z_m"": 1}","{""alt_m"": 1.004, ""roll_deg"": 0.02, ""pitch_deg"": -0.07, ""yaw_deg"": 0.3, ""bat_pct"": 97.4, ""armed"": true, ""althold"": true, ""pos_x"": 0.96, ""pos_y"": 0.387}","{""alt_m"": 1.002, ""roll_deg"": 0.29, ""pitch_deg"": 1.75, ""yaw_deg"": 0.46, ""bat_pct"": 96.6, ""armed"": true, ""althold"": true, ""pos_x"": 0.544, ""pos_y"": 0.465}","Navigated to (0.50,0.50,1.00). Arrived at (0.544,0.465,1.002). XY error=5.6cm.",216.2,1,1,gemini,alert_room,person_near
5,16,hover,{},"{""alt_m"": 1.002, ""roll_deg"": 0.29, ""pitch_deg"": 1.75, ""yaw_deg"": 0.46, ""bat_pct"": 96.6, ""armed"": true, ""althold"": true, ""pos_x"": 0.544, ""pos_y"": 0.465}",,PENDING,0,1,1,gemini,alert_room,person_near
5,17,hover,{},"{""alt_m"": 1.002, ""roll_deg"": 0.29, ""pitch_deg"": 1.75, ""yaw_deg"": 0.46, ""bat_pct"": 96.6, ""armed"": true, ""althold"": true, ""pos_x"": 0.544, ""pos_y"": 0.465}","{""alt_m"": 1.002, ""roll_deg"": 0.29, ""pitch_deg"": 1.75, ""yaw_deg"": 0.46, ""bat_pct"": 96.6, ""armed"": true, ""althold"": true, ""pos_x"": 0.544, ""pos_y"": 0.465}",Hover: roll/pitch/yaw centred at 1500.,0.0,1,1,gemini,alert_room,person_near
5,18,navigate_to_waypoint,"{""z_m"": 0.5, ""y_m"": 0.5, ""x_m"": 0.5}","{""alt_m"": 1.002, ""roll_deg"": 0.29, ""pitch_deg"": 1.75, ""yaw_deg"": 0.46, ""bat_pct"": 96.6, ""armed"": true, ""althold"": true, ""pos_x"": 0.544, ""pos_y"": 0.465}",,PENDING,0,1,1,gemini,alert_room,person_near
5,19,navigate_to_waypoint,"{""z_m"": 0.5, ""y_m"": 0.5, ""x_m"": 0.5}","{""alt_m"": 1.002, ""roll_deg"": 0.29, ""pitch_deg"": 1.75, ""yaw_deg"": 0.46, ""bat_pct"": 96.6, ""armed"": true, ""althold"": true, ""pos_x"": 0.544, ""pos_y"": 0.465}","{""alt_m"": 0.505, ""roll_deg"": -0.22, ""pitch_deg"": 0.01, ""yaw_deg"": 0.43, ""bat_pct"": 96.1, ""armed"": true, ""althold"": true, ""pos_x"": 0.521, ""pos_y"": 0.489}","Navigated to (0.50,0.50,0.50). Arrived at (0.521,0.489,0.505). XY error=2.4cm.",154.4,1,1,gemini,alert_room,person_near
5,20,navigate_to_waypoint,"{""y_m"": -0.5, ""z_m"": 1, ""x_m"": 0.5}","{""alt_m"": 0.505, ""roll_deg"": -0.22, ""pitch_deg"": 0.01, ""yaw_deg"": 0.43, ""bat_pct"": 96.1, ""armed"": true, ""althold"": true, ""pos_x"": 0.521, ""pos_y"": 0.489}",,PENDING,0,1,1,gemini,alert_room,person_near
5,21,navigate_to_waypoint,"{""y_m"": -0.5, ""z_m"": 1, ""x_m"": 0.5}","{""alt_m"": 0.505, ""roll_deg"": -0.22, ""pitch_deg"": 0.01, ""yaw_deg"": 0.43, ""bat_pct"": 96.1, ""armed"": true, ""althold"": true, ""pos_x"": 0.521, ""pos_y"": 0.489}","{""alt_m"": 1.013, ""roll_deg"": -2.58, ""pitch_deg"": 0.52, ""yaw_deg"": 0.41, ""bat_pct"": 95.3, ""armed"": true, ""althold"": true, ""pos_x"": 0.484, ""pos_y"": -0.459}","Navigated to (0.50,-0.50,1.00). Arrived at (0.484,-0.459,1.013). XY error=4.4cm.",218.7,1,1,gemini,alert_room,person_near
5,22,navigate_to_waypoint,"{""x_m"": -0.5, ""y_m"": -0.5, ""z_m"": 1}","{""alt_m"": 1.013, ""roll_deg"": -2.58, ""pitch_deg"": 0.52, ""yaw_deg"": 0.41, ""bat_pct"": 95.3, ""armed"": true, ""althold"": true, ""pos_x"": 0.484, ""pos_y"": -0.459}",,PENDING,0,1,1,gemini,alert_room,person_near
5,23,navigate_to_waypoint,"{""x_m"": -0.5, ""y_m"": -0.5, ""z_m"": 1}","{""alt_m"": 1.013, ""roll_deg"": -2.58, ""pitch_deg"": 0.52, ""yaw_deg"": 0.41, ""bat_pct"": 95.3, ""armed"": true, ""althold"": true, ""pos_x"": 0.484, ""pos_y"": -0.459}","{""alt_m"": 1.001, ""roll_deg"": -0.9, ""pitch_deg"": 2.97, ""yaw_deg"": 0.23, ""bat_pct"": 94.4, ""armed"": true, ""althold"": true, ""pos_x"": -0.471, ""pos_y"": -0.574}","Navigated to (-0.50,-0.50,1.00). Arrived at (-0.471,-0.574,1.001). XY error=7.9cm.",206.3,1,1,gemini,alert_room,person_near
5,24,navigate_to_waypoint,"{""x_m"": -0.5, ""z_m"": 1, ""y_m"": 0.5}","{""alt_m"": 1.001, ""roll_deg"": -0.9, ""pitch_deg"": 2.97, ""yaw_deg"": 0.23, ""bat_pct"": 94.4, ""armed"": true, ""althold"": true, ""pos_x"": -0.471, ""pos_y"": -0.574}",,PENDING,0,1,1,gemini,alert_room,person_near
5,25,navigate_to_waypoint,"{""x_m"": -0.5, ""z_m"": 1, ""y_m"": 0.5}","{""alt_m"": 1.001, ""roll_deg"": -0.9, ""pitch_deg"": 2.97, ""yaw_deg"": 0.23, ""bat_pct"": 94.4, ""armed"": true, ""althold"": true, ""pos_x"": -0.471, ""pos_y"": -0.574}","{""alt_m"": 1.004, ""roll_deg"": 2.32, ""pitch_deg"": 0.99, ""yaw_deg"": 359.89, ""bat_pct"": 93.6, ""armed"": true, ""althold"": true, ""pos_x"": -0.573, ""pos_y"": 0.428}","Navigated to (-0.50,0.50,1.00). Arrived at (-0.573,0.428,1.004). XY error=10.3cm.",218.7,1,1,gemini,alert_room,person_near
5,26,land,{},"{""alt_m"": 1.004, ""roll_deg"": 2.32, ""pitch_deg"": 0.99, ""yaw_deg"": 359.89, ""bat_pct"": 93.6, ""armed"": true, ""althold"": true, ""pos_x"": -0.573, ""pos_y"": 0.428}",,PENDING,0,1,1,gemini,alert_room,person_near
5,27,land,{},"{""alt_m"": 1.004, ""roll_deg"": 2.32, ""pitch_deg"": 0.99, ""yaw_deg"": 359.89, ""bat_pct"": 93.6, ""armed"": true, ""althold"": true, ""pos_x"": -0.573, ""pos_y"": 0.428}","{""alt_m"": -2.613, ""roll_deg"": 1.15, ""pitch_deg"": 1.04, ""yaw_deg"": 0.03, ""bat_pct"": 93.4, ""armed"": false, ""althold"": false, ""pos_x"": -0.0, ""pos_y"": 0.0}","✓ Landed and disarmed. Final altitude=0.000m, vz=+0.000m/s, roll=65.7°, pitch=59.6°. Motors disarmed — drone is on the ground.",102.9,1,1,gemini,alert_room,person_near
